Actual Price,Predicted Price (Random Forest)
295486,287076.39
827363,849969.81
239079,238263.66
236766,240650.73
160889,162441.43
774019,750736.43
229089,244941.18
241406,242076.09
360542,367274.96
145968,146081.0
520571,533736.86
343255,341012.91
265721,267906.94
271941,279494.48
326444,329682.02
195776,204088.51
187800,191615.94
464277,407182.705
97392,93042.24
224940,224296.78
303569,299687.49
502091,503161.17
233889,228364.45
200148,201089.18
196812,198773.64
354093,359949.39
558630,570112.85
393831,394384.82
220041,223076.99
200657,201392.42
316021,321333.02
345831,345817.37
200256,212233.85
285936,285640.47
403432,378618.33
464488,446795.58
452345,454685.62
336380,341660.05
544979,547654.42
273218,286016.72
489291,520517.78
470972,489701.95
374420,342498.09
179637,172127.94
437667,428232.68
402847,409664.8
505619,502657.94
93021,110486.45
178189,179173.84
295744,270089.92
455466,451180.74
150800,159500.15
309873,300927.27
323825,325772.76
233262,231334.87
193773,198370.38
221052,220735.5
172207,170358.4
49045,50041.91
347970,346431.59
243468,240127.94
474551,479989.23
476525,471275.95
253418,261817.21
524987,522022.75
74391,70900.34
294673,289333.55
213655,212118.66
387491,365018.1
236110,229034.4
512942,590391.73
248371,250628.98
262197,260797.03
183099,179605.55
139920,150007.58
221298,220062.82
214973,221404.14
181152,187114.22
212026,209422.33
278474,283024.84
222620,218038.22
1278113,1348371.92
137528,138403.63
314304,332612.81
651931,658331.72
190624,187486.82
318928,300677.71
270717,285885.81
327602,318006.2
262231,257928.29
470262,487765.3
571661,469305.27
1353679,1284649.78
122055,126182.11
273054,280327.65
256851,262851.17
167692,164356.23
374524,379346.68
243308,240160.06
412835,408076.77
196575,197928.14
476731,479021.03
157679,170186.39
280702,284847.84
307992,305562.64
300381,294621.25
138349,139682.21
532804,518724.28
240654,241343.57
159465,163125.13
414376,479275.16
190077,193104.69
647853,639928.23
207346,202657.24
420665,433977.31200000003
150751,149327.84
256883,254387.23
215135,216181.17
247282,239368.65
325064,308633.5
130979,130161.47
473268,507943.41
256550,251023.07
955882,935733.43
153615,153445.11
163173,162366.51
113776,118923.09
509710,506549.28
206050,209515.69
594354,604541.16
127515,126966.31
199538,199452.29
145425,142256.76
246648,255108.48
206729,209417.84
579471,583262.81
223091,220926.93
137946,138346.91
135770,155166.34
247109,252784.64
327108,309634.45
215136,236940.48
501293,479364.74
125088,138083.47
89206,94811.35
314580,294658.83
305560,322818.29
143522,145942.32
454499,481161.34
159886,153156.22
129295,127184.91
287320,289562.01
210994,211542.21
246459,243419.66
354994,352507.02
243568,242577.28
518470,503546.52
264013,251580.55
127100,126122.36
474810,482784.13
193713,202224.72
433901,455597.16
263774,272342.41
330066,341050.15
216195,223393.28
345727,330667.06
72055,74008.11
218803,222403.98
152152,151094.86
241226,235220.94
330422,321858.35
342616,336409.8
411591,455375.01
404447,389855.41
223024,232174.79
376014,364561.57
109413,111844.26
169461,175202.74300000002
856070,824771.84
328431,331243.9
239175,233798.39
343102,346589.35
195498,239658.92
216988,222055.34
546512,543463.68
165383,311184.37
144534,151805.19
311769,307655.13
262861,277077.71
520123,486569.21
306942,316130.79
156059,169963.27
82386,79254.68
373122,375313.26
252877,254623.52
426557,417517.65
176489,182169.14
363224,350318.62
200844,210737.27
710090,724186.12
295844,295411.68
322834,322746.0
213997,219347.6
439595,428346.74
225765,232591.35
808270,782815.83
166896,167685.2
399480,400738.63
98810,109981.97
223135,218094.59
509025,514107.12
263672,258818.8
368133,361212.18
130411,143622.52
863878,829970.88
210206,211326.4
187235,185896.1
222308,223184.3
130144,132878.16
145402,142620.4
54746,56601.5
173905,170188.0
342013,313977.34
227626,233169.72
113914,111223.02
802129,796093.6
411087,410572.39
204067,205562.17
277733,273299.09
312586,314113.8
469890,476324.29
328022,334320.63
219335,220678.36
122481,356422.25
457769,432839.29
162771,163874.75
177232,174355.79
518699,497675.59
206043,209966.27
433857,418976.28
374181,362982.18
248541,239668.45
108535,101985.27
188251,189088.17
141105,141933.95
365319,369878.2
770240,761241.36
361012,366407.95
275710,272720.86
598430,694928.34
145380,150609.88
178888,176390.97
387178,433837.195
288719,291351.56
196797,173427.51
372628,380237.47
161927,163799.54
256614,245627.29
188839,173921.18
477486,470815.16
394813,359307.83
429921,431245.6
294574,288004.46
137765,132615.21
818816,847906.21
156730,148028.46
287539,283893.06
565648,576342.14
82643,90590.01
230666,220026.47
246396,237727.75
250972,262067.96
105619,97631.46
140983,138904.02
292355,278811.28
240106,234236.99
387587,391297.85
211100,193563.81
189494,189985.11
414525,434375.01
241094,243318.04
125998,133897.9
169025,165509.25
313550,314039.22
159843,160806.09
321825,322208.85
395993,395699.53
214594,232538.87
413229,431048.19
160027,161929.91
799950,854710.95
498895,493935.21
169013,170113.63
180356,186997.23
736741,758550.68
406757,397785.98
268204,263910.87
338590,368736.55
247818,239246.79
207952,206522.81
150519,150836.19
401761,395680.94
473659,500363.27
92647,91498.55
211970,213347.25
576272,574988.38
176816,177299.21
524868,533390.93
233873,242488.82
509666,507315.32
608411,633075.43
218737,229660.83
121096,291100.0
138960,126091.2
120426,112904.06
482733,485466.15
233924,230948.5
192322,193548.71
279870,287453.65
272872,263353.79
153852,148274.97
280870,275491.8
538120,536954.24
322322,324429.17
674672,658142.75
55425,54332.86
1259725,1250958.74
141286,139166.96
357918,338436.67
257276,269314.99
736489,750593.04
288556,289051.83
138977,138726.77
158659,155087.87
233449,233679.32
342178,352178.57
68494,62960.16
395374,404967.0
199603,194856.15
250675,249714.07
301585,299775.57
301202,298427.74
179444,182305.11
189153,187461.06
279119,254323.39
264662,260573.26
250480,247020.48
295174,282415.832
254281,250575.82
728693,723834.91
125554,266514.33
506250,502857.89
178494,181026.64
188268,189333.83
137261,135276.65
397360,399027.98
280822,284230.11
632614,617959.38
430742,430019.29
94674,98113.73
174796,162402.49
420874,429170.18
232297,237274.23
366351,379525.1
355363,361355.47
610256,389149.32
470862,472257.61
489625,494391.33
222005,220032.7
139243,139715.25
755143,763453.15
329660,343809.52
467825,449614.02
287143,288255.33
131763,142216.18
373890,389687.16
183199,181319.44
205246,208610.73
391691,384030.43
165708,162495.25
489068,482457.0
225807,224074.98
146554,149540.31
403080,397077.37
243904,250256.52
255883,270360.43
412969,378532.46
179034,181477.33
212152,211446.5
237854,234705.41
189470,176347.01
278445,278269.56
255270,254588.12
188039,187570.93
293936,289438.62
265336,264893.46
160992,162135.21
150960,152424.69
367053,364610.43
208038,208695.36
471224,486360.69
407174,393640.42
199523,202670.8
456331,446089.2
329352,336329.78
420440,409730.48
183598,184156.69
430090,429672.31
1294113,1202959.33
189033,224920.8
150698,151517.96500000003
201103,188907.64095238096
239629,237588.7
233163,225579.26
523673,520419.04
362157,368845.72
121754,126313.96
312668,306049.98
131716,130172.38
234464,231270.37
451560,433662.42
270980,272961.65
214923,217698.62
488299,486789.86
273569,297477.38
501604,503068.69
241641,239471.55
561529,542110.62
486864,485676.7
156131,155800.49
257755,253570.85
600835,598425.71
258662,266491.57
169414,175772.27
98713,108453.43
379377,381670.69
258782,247487.58
503646,515609.72
287162,302484.77
224613,230804.56
167561,172732.58
137025,139117.33
115377,114171.92
214554,223743.21
579743,593053.58
127346,128865.33
397157,393325.61
138535,138143.01
144954,137883.46
393802,395452.47
186697,198080.35
513042,506613.95
554546,597975.94
755047,694403.81
124283,135086.99
244239,246679.99
158291,154438.27
494430,497064.16
275224,284428.33
156797,171435.47
126333,127125.75
239733,239962.84
253536,256740.71
198252,201584.0
295199,284064.06
204594,204046.67
257717,247117.74
224199,225957.35
391718,388331.35
339218,354547.77
246813,254804.85
218908,219244.02
316973,305827.72
242041,242105.68
123844,127803.38
260201,262400.91
369722,364964.76
397849,397418.42
172141,167452.78
165131,172655.42
53720,51815.38
528639,524758.33
112468,103548.43
334896,326774.16
255333,271151.9
290461,313288.11
428110,426834.76
338033,326957.65
177101,189183.88
258267,251584.77
254112,257231.56
222469,219004.78
415960,410144.86
369869,370272.15
361508,359940.05
267725,268113.45
188826,191858.36
384975,406186.91
146988,147562.12
198089,211158.35
284387,285390.6
159583,165835.83
283381,286744.84
843239,837030.01
431157,432877.83
177921,179572.42
137178,135028.38
130416,123932.42
125958,135461.99
296892,298839.87
490578,494279.98
999384,1022292.91
560818,565995.52
205592,209288.39
233041,233520.02
131408,128835.47
224088,224250.2
227204,219137.45
393892,404445.62
307214,294654.85
290617,301133.1
537986,536134.54
249511,250764.91
213840,213436.6
168661,166856.24
108078,105120.57
222176,218055.88
288467,275094.5
429222,416966.74
224114,222301.49
211152,214311.26
251803,239368.65
1313357,1299870.91
421117,425886.31
405885,395867.82
617956,613623.35
246757,245956.51
516319,463965.4136666667
392849,401747.77
206571,200509.99
151665,151142.34
662897,649908.26
139011,149636.57
175248,174083.61
575996,583349.23
225583,227338.04
607906,603651.95
190503,172728.86
241557,236840.57
247355,404137.2
186023,194099.72
119438,116998.09
254676,257916.56
239703,232826.48
157410,155864.44
193360,189882.92
173374,177982.02
195246,199810.47
176036,177763.72
470731,484154.08
314011,321650.36
258940,257138.36
155694,157581.69
154406,169268.88
245103,264152.18
83590,80791.98
194486,193751.9
221945,215225.57
300654,309434.78
204107,208506.34
270369,270950.21
277154,278594.74
226856,232328.51
350272,343208.1
253596,257440.79
460081,505161.19
190809,190174.19
431207,428091.48
514789,510904.24
334216,344157.96
183101,190778.86
144010,140668.83
336860,336282.73
200308,200089.83
227847,240919.87
191249,190784.64
274243,271666.65
192610,191896.78
412275,410980.18
245034,252588.83
97896,90099.56
1025448,989315.92
169495,173511.1
150547,170820.08
411183,430992.72
341717,328576.07
221715,218161.05
327054,322558.62
106437,106734.48
265515,275541.23
432327,433023.49
217711,217689.0
297653,290976.3
221353,218972.54
348367,329158.18
236133,240695.62
188013,187764.61
517488,527810.83
83504,81268.51
90683,97090.97
220863,224636.66
319393,347520.76
572468,577889.23
185201,189130.44
371704,373645.52
212536,208873.98
402761,362319.43
181910,177557.94
241086,242076.09
221962,227705.99
217469,217877.17
149010,145766.26
403842,410950.0
159023,156649.09
158863,157143.34
250410,436488.27
129047,127970.68
410924,409151.33
502387,513462.07
402781,413593.01
465254,491219.43
438896,444804.14
358877,403338.24
577117,569236.3
235367,234713.35
128245,141350.73
383039,393994.34
261856,264552.0
215778,217559.7
213660,242800.66
401811,424392.46
413985,428159.16
233489,232686.98
225902,221731.18
503809,506863.94
241908,263641.26
256016,260815.61
261442,260831.68
445016,433104.495
164946,167440.2
321380,304956.95
148176,148881.25
449306,434097.37
471861,435187.8886666667
183865,174679.49
162695,163958.58
121610,126313.96
222306,222294.62
369070,376300.81
297181,302575.31
195066,196942.84
122881,126165.45
404889,403593.18
411955,367036.2165
157722,157675.47
225770,228173.96
596494,602785.03
177919,173334.45
55001,55078.91
475211,463182.57
146193,148436.62
396942,393969.47
451186,465327.34
302407,290623.05
215387,220462.24
808321,842425.61
503545,506852.66
186131,183312.85
221971,225566.36
299832,293738.75
276866,263416.5
201112,202715.02
87439,94649.93
283801,272218.33
514738,512941.07
341638,350591.33
252174,255640.46
491205,491998.34
220311,226775.99
271777,261213.11
245067,250832.54
261968,255684.09
691362,722216.18
313744,303329.92
315709,348041.46
422722,422724.05
305423,286186.62
190223,180048.51
135645,138650.11
201935,200886.04
183066,192699.51
116171,122814.08
191210,194157.36
289569,292839.64
387993,385889.98
403531,401554.42
52412,51815.38
154361,155768.11
292148,292366.39
134826,139080.32
130506,141176.67
157736,159728.16
350230,335304.14
410610,416400.07
231593,234104.72
252761,258274.25
235541,234588.68
326811,340652.95
250979,255736.63
267544,277389.25
245128,240385.43
332314,334319.96
434610,429444.91
424732,415507.47
151334,150969.52
213243,223573.45
493877,511048.45
250831,249595.68
302371,280336.48
210847,200229.34
218199,223643.34
231922,230920.41
413405,406412.74
646005,649015.23
135400,140261.64
231587,234909.47
269410,267774.0
221309,223561.11
183941,191906.44
244146,252610.0
409238,409622.07
423456,426384.41
352808,362986.07
443140,440470.68
210508,206284.3
100767,96423.92
139400,138578.5
89194,86456.17
235300,231267.63
475442,487286.29
183462,184937.09
562740,540557.36
261967,259472.84
209504,224161.22
494468,497446.83
234730,235194.36
1023157,980449.9
200399,199629.0
221817,225764.48
305837,302629.39
474370,460998.11
274751,271415.68
561445,560011.49
277389,284807.15
149918,148616.13
206825,204692.67
331103,330755.77
284256,286660.28
208458,206470.03
129652,131533.78
252230,270572.13
95134,95353.73
503943,504018.03
190484,184839.42
376668,396791.17
537787,531426.72
112733,110024.44
295859,306187.76
598031,615947.8
251091,250101.2
190494,192006.43
336980,339663.68
199567,199333.81047619053
364997,369408.88
366988,371343.68
528035,502727.49
297428,289186.12
368343,380544.7
142601,141534.42
275148,266985.68
202125,200319.12
495497,511562.69
968404,854945.26
218542,220053.42
118710,117484.6
412383,419982.56
168190,165013.19
412029,387595.63
162963,179475.9
135743,134010.59
197100,203865.6
1189245,1147877.34
236204,233631.82
490464,501064.56
131532,130639.91
297370,303512.61
735096,720237.89
254013,247162.1
225589,228931.33
158072,167093.86
304015,294656.24
223210,222062.31
118022,115069.24
240255,243978.76
291280,289031.5
213432,209930.86
208752,205496.37
211658,214451.24
220162,224446.0
292880,292594.32
207936,199296.75
482555,472900.72
174161,174988.7
304624,303126.84
117034,123094.95
323113,315498.23
461068,463373.41
203424,203721.08
1388037,1324162.32
159782,157418.72
149543,154549.99
116956,108428.06
222725,223629.62
376493,365094.72
333820,322878.32
170251,167027.08
190404,191230.49
227558,240625.43
235702,235592.73
166465,162174.3
859593,838623.78
196163,193486.63
136629,136576.21
250786,256569.39
65025,62968.67
674209,654165.26
273159,280645.02
161339,168897.95
377545,327685.92
123415,121311.7
563206,573157.39
137537,136616.08
228084,231218.57
193603,181538.27
245454,245728.21
723130,755471.2
346353,340160.85
140155,143434.13
485434,482478.38
290379,309666.0
54769,54332.71
227176,223393.28
515687,540780.82
308543,312917.14
780423,767313.3
324934,320784.63
183476,188695.62
84245,89199.34
138050,135461.76
713339,748769.57
190486,192314.78
666670,645236.95
153591,159789.34
171618,163715.49
257977,254138.1
293114,287038.8
142791,151670.35
203464,204518.06
1226681,1236645.75
251907,244733.69
130118,127500.49
254685,260842.36
291548,294504.32
270780,278707.56
130069,140161.76
58617,59030.61
150106,148659.01
366045,371219.61
611487,537885.26
622345,620579.8
274016,268344.02
485525,490315.97
254539,261775.35
384846,403018.24
332222,327288.89
242750,261486.04
435951,440050.21
257529,247344.16
518054,522110.84
222683,225897.12
287902,293825.35
833334,788233.53
132156,128664.99
205001,201083.75
170871,169661.79
896171,934885.94
334510,339165.49
330990,324240.09
295634,295028.11
316547,324923.26
183672,189140.64
282996,274976.31
298115,302401.76
229652,228497.29
1418032,1305387.87
961901,1002779.93
157244,152208.74
163821,163107.74
64137,65991.18
130709,130344.71
138440,136214.29
256005,261570.07
246078,240510.24
332988,343378.43
203406,202170.02
297099,285090.21
128285,141463.09
388966,370435.91
648359,743317.19
312776,301494.11
377756,416414.9
225295,226954.24
313482,303841.05
163807,168888.17
177553,171402.06
402585,417200.13
257322,256744.14
354594,356449.76
103960,110346.97
498785,559797.3
749337,623127.35
250793,250687.4
126502,127133.48
274154,268040.75
206501,202542.35
312817,349472.48
410646,404970.31
336427,314966.28
237514,246867.02
610837,571288.12
162004,165651.09
115328,117366.18
126776,120753.74
188265,191348.53
130061,133615.49
188192,189455.42
113511,94669.51
194328,189882.92
616322,642179.1
935638,956690.52
67351,71927.49
137141,137426.97
277882,265960.54
165795,172761.64
172649,173511.73
409263,416102.6
376687,387546.69
359728,367825.2
143046,156075.285
572994,565287.2
305556,264461.17466666666
211731,211228.21
519383,516827.3
208941,208394.5
146424,144217.89
162101,163112.0
480141,460752.08
168771,165944.08
287656,277207.29
512596,461689.67
129217,130323.05
121858,128320.95
398221,386605.69
159293,161921.53
252858,251299.74
134136,136105.6
62928,73501.72
314411,300911.36
52266,54429.89
440624,420567.95
633826,621757.63
214493,216446.38
196745,206624.44
512588,523178.24
190136,190075.25
336239,338717.34
256399,266485.84
132780,143526.05
218347,215478.14
178311,190001.55
171213,165370.51
111828,111778.76
126444,156029.0
212126,199732.96
242725,231459.82
196500,198155.53
476223,491556.08
210530,210613.53
191273,193670.33
475935,457604.06
322552,290695.27
575350,591008.51
365567,371542.85
205285,203697.51
147969,150861.29
525124,531622.16
104383,113402.02
217190,216874.08
446019,429390.95
153199,154219.95
136148,127445.59
461109,454522.28
540301,561541.59
262076,263849.34
261478,275099.34
85464,95822.25
160483,156263.95
1003535,1029827.75
248005,239813.42
159104,148494.99
312461,309978.18
448359,466996.05
147576,149302.43
367546,373975.32
338702,337672.61
405580,417860.01
153527,148106.46
108062,103995.4
971985,940997.11
578215,589109.97
1347030,1294900.43
115601,115721.6
424913,417556.36
236007,233066.68
141172,135847.73
50416,49982.08
247745,253641.58
298411,302910.13
353259,341311.94
282820,276492.74
326007,320035.62
204006,216624.05
291677,293721.39
1042777,971233.74
372362,355859.02
367635,361612.73
226855,222019.78
278194,277015.52
187219,189177.29
486673,482672.55
329443,312936.18
423298,438164.7
233579,232791.87
262814,256031.14
153902,174684.73
742878,751246.85
320612,312868.15
238239,251593.9
239115,242298.52
159227,157389.7
685330,692911.17
129701,130313.39
145136,144327.84
854798,853856.291619048
207632,204667.87
141645,133599.84
289615,303452.91
277156,295302.61
238330,239180.98
282066,282345.2
204766,203918.0
513342,536819.57
340684,344235.42
262525,267487.43
161409,172107.62
394039,382422.05
359263,374226.41
175171,175520.52
253301,256739.75
129887,125685.86
542726,551908.47
821510,830028.25
315083,297909.31
1288940,576659.77
248904,248897.94
236930,212611.58
135960,135816.18
292817,278229.95
178696,177976.98
350559,354386.52
124654,128621.32
225156,220633.29
347485,355952.34
318602,321695.67
1116111,1072670.28
188404,183624.45
233303,233621.17
158760,162584.54
399157,402976.9
769724,774219.46
429187,433984.41
493882,501793.3
253406,257587.43
132784,116582.74
318631,322948.09
584059,569991.99
419564,426384.41
273062,268424.8
226108,226075.43
122676,123383.33
357548,356086.5
251482,254516.77
169085,167267.67
304805,310192.5
317282,307152.83
194961,194218.6
396155,400472.838
426901,425741.07
440513,442824.46
294598,290177.53
208760,208918.45
746424,714939.4
215626,213034.56
599841,610873.0
246541,253824.15
122858,141470.13
225214,228730.3
581267,572253.54
577904,576482.76
192032,192249.19
266619,271493.42
321365,310046.17
326113,320543.65
164769,233741.98
80779,77155.12
196235,196217.19
474164,490842.79
264568,265445.45
144956,145276.32
78652,77002.23
654186,646245.94
194251,198287.66
284501,291451.01
424992,426546.27
135039,145269.03
60084,61023.02
253130,273457.26
473105,465913.18
408519,431343.52
538073,524114.0
250917,255100.82
115579,122717.94
232658,230756.83
310377,334013.63
202193,204586.59
210958,209019.49
65725,67138.29
783266,793870.59
510867,518473.25
193764,191770.86
400317,381954.1565
682454,702840.78
253138,257441.87
454547,519859.61
263623,268904.52
158252,157332.16
440152,443408.7
468323,490489.4
70796,70895.92
193388,197983.91
130275,130464.12
290683,289749.04
161520,172793.67
137857,141021.92
362899,387029.74
158609,159999.74
374293,371850.44
124910,125500.75
206133,200477.84
247731,254813.58
191141,189420.4
262124,247731.57
193285,193774.48
134036,129953.39
249505,265421.38
203092,203174.16
202101,203172.26
486032,489427.95
254094,251289.64
111484,107725.38466666666
268338,280641.44
345869,324765.66
832753,783478.06
408048,404722.82
718071,717325.04
454476,473379.11
221299,222440.29
352069,362607.51
210108,207631.28
423063,412996.97
383529,405143.18
321773,244344.69666666666
275403,265915.2
285833,291433.09
169491,169365.26
333002,337199.82
527115,518100.82
725991,712296.1
373762,372016.96
229497,231648.36
111439,114734.58
111194,114065.58
82883,80987.95
339898,352144.74
247676,246055.84
463525,430860.14
102517,101231.24
974047,919959.8
201927,182424.8
349363,344638.05
394918,370794.7
178226,187831.31
188933,190670.61
313280,305768.89
313753,311331.8
137629,151901.59
509498,509751.48
238453,243693.67
434521,424769.39
453351,444322.03
487049,536514.52
267690,286717.19
196011,191881.55
236037,232908.65
485291,494574.42
249309,248916.74
149701,141614.7
205540,208605.71
165963,171787.44
290594,288497.97
220127,232015.17
74763,71491.78
427036,434655.0
164731,166861.57333333333
183344,188993.23
483847,481888.91
212109,213548.0
244410,247150.18
327256,343499.59
736963,744793.76
120919,120515.17
301924,311503.99
299721,300532.63
420346,432142.83
301400,312928.99
592506,598823.17
136864,134457.93
165825,174846.35
290390,284665.75
98962,117535.79
229195,233333.49
468164,449719.86
207741,204697.63
254952,258054.62
204974,210574.86
305692,300652.57
614424,608557.92
99677,98036.3
201935,188702.13
133662,132772.67
242921,245745.52
324518,321616.37
278181,279687.34
318371,296490.53
224778,224348.27
223175,239988.88666666663
301114,291002.11
770977,771767.95
279657,283876.25
196817,203709.69
272510,257052.25
261094,278331.79
478376,472425.87
253408,248951.78
226922,217330.0
326433,313431.8
124026,141797.59
425867,427519.31
189196,176347.01
166984,152167.6
136788,129483.38
175889,179901.56
224927,225189.1
328815,332335.37
173978,179242.5
259562,250425.72
223036,224213.25
143702,141934.16
187080,186145.33
106696,103601.82
375152,368054.99
448735,431198.53
96820,105398.99
245040,247735.77
480902,478139.23
228005,228416.35
755917,757626.89
243651,250989.45
243110,259516.05
244641,245092.83
309605,308498.86
523397,534981.0
165756,166193.79
120124,116976.49
75126,79736.43
128994,129893.33
402113,400004.6
258776,263967.75
197285,205357.14
228465,225318.77
153606,152711.92
429756,421890.52
444867,445179.57
532976,519127.66
217525,217622.17
335743,342575.07
297525,314570.45
140623,139244.79
516210,558926.01
241342,248449.03
485906,497975.26
728942,780028.97
174308,182291.06
235020,235197.58
516985,504582.64
317398,298452.585
212264,215328.65
238188,241049.24
260233,259465.17
127679,130095.2
222754,226998.38
159642,162046.92
722627,676802.34
453365,450631.95
313346,325704.43
393946,400639.98
293277,290147.14
133265,133171.67
272609,274180.11
380185,357373.73
208885,212453.39
85242,94720.46
363507,366207.13
151841,149115.07
247602,239048.61
268663,269021.52
135047,137749.1
246980,248809.0
393128,398861.65
158760,149165.14
237428,240651.39
95918,88514.85
176913,187267.47
216463,211515.28
219026,221058.52
380159,388626.61
428806,414419.33
340673,343707.0
469370,474235.15
234716,236903.5
227413,223866.96
262924,258872.85
174037,166894.18
845614,830806.87
363898,364452.68
429418,433006.18
645971,613465.6
498162,489798.24
301760,303725.3
220136,225249.63
242107,240060.37
284984,280881.76
195389,198107.8
344219,330565.55
122669,123184.4
317197,313381.29
1335351,1317097.04
59514,59034.79
162290,155256.14
252344,262031.93
349603,348311.2
264412,250248.61
141824,144654.1
216699,214013.39
184884,425450.82
321415,311848.13
396608,396095.96
313126,356746.92
141335,142621.96
188469,197852.23
146049,161532.44
154960,155530.58
394381,397576.19
483395,508229.74
118194,116312.79
226810,229156.97
176279,170766.91
122781,127248.34
274815,273032.34
245088,247507.85
456422,403590.94666666666
266183,286986.74
541346,532768.45
533793,526255.5
465051,443901.24
385629,383791.23
347565,369570.1
503721,523019.42
328389,340652.95
261460,264505.56
152688,162166.35
352516,371936.07
291275,292073.76
291192,290906.09
390499,398933.69
1344464,1288998.31
150663,150504.47
140443,142239.59
282892,315698.91
251549,238300.13
319143,299280.49
504619,493309.05
167590,165705.92
128840,127733.23
273452,303309.8
236211,228915.05
374745,357819.4
132160,139180.47
380976,381532.23
179668,179022.44
318437,314727.73
776509,754456.7333333333
227851,239590.53
118370,116815.67
247630,251292.44
191720,193210.13
187426,190988.54
145116,143771.25
231632,232122.10759523814
285816,268093.24
209016,215369.81
281609,293768.82
641172,648516.29
266686,266340.8
410966,407338.39
187387,192532.92
215233,216684.82
491493,485724.52
289911,269480.6
163947,173898.35
475530,470708.62
166865,166351.81
437028,451142.69
107284,105812.94
274299,258197.04
720064,768474.38
152595,157772.52
130826,132870.93
223951,222451.19
240260,251771.73
393294,388683.86
136418,136619.1
189132,197733.7
314051,314098.2
607614,602700.7
280501,299544.53
296041,285889.96
172955,173725.25
218947,221432.83
410397,404679.11
75939,81311.39
230185,233442.93
477958,505042.71
370139,354313.24
193666,200897.83
278128,271405.65
77026,81199.61
293678,299924.08
351132,321094.74
235364,235317.3
260893,250664.42
400387,361939.54
414254,413807.83
336843,355920.97
259868,275223.67
301769,302737.53
572398,554559.53
270345,263843.52
115161,115642.08
713365,711256.6
181787,206498.88
117137,116175.08
430231,440798.16
181826,204875.92
228020,221484.11
462278,463513.79
310984,311250.34
445612,474784.71
525723,569139.9033333333
545516,540836.56
663613,648360.59
133089,132230.95
410743,400764.74
315069,326157.77
220346,220724.78
347870,335969.23
153740,142213.21
235926,237383.45
249164,252731.88
128130,133068.38
320239,310580.0
203051,215567.99
925955,950196.58
54612,55727.41
70211,74008.11
187768,187774.11
228971,225721.47
448991,495295.61
1394421,1359433.99
309377,317638.28
432272,433625.58
272416,299381.31
150038,149499.1
553908,520211.08
121970,141588.42
246706,247680.02
439009,415554.74
290221,298865.03
337626,397199.16
226229,233299.96
246955,242652.93
411017,417758.33
173738,236209.9533333333
328421,314622.93
130619,138537.65
166798,157337.4
383888,374023.12
245870,247505.8
417893,415504.56
203088,205675.23
52419,55162.09
150552,142001.35
113298,119359.72
817464,852538.76
170565,183511.04
134008,134425.48
668546,647356.62
211745,208474.1
80698,78516.82
652264,649390.16
157757,156478.26
468584,441583.34
289574,325214.18
278967,272653.94
131743,129548.26
859065,841855.34
219804,232349.44
139668,142895.47
294295,295870.34
336604,318145.61
535060,538284.56
235653,230759.85
264492,284215.49
315289,322558.29
273061,268504.88
355830,378371.12
215853,219512.81
233852,234961.43
257539,255019.26
178555,180715.97
77357,73052.88
158905,145427.21
189793,187295.38
190916,201236.65
267393,275792.19
410459,398220.89
762769,758990.72
332255,337653.97
145626,143582.11
200825,202295.19
402928,398523.7
245600,243839.06
184354,182037.75
312911,284280.8
469516,485410.03
466114,454870.67
105135,105308.28
200628,320405.03
295522,306155.75
164204,164693.02
322278,330590.63
272482,270943.73
117832,113617.5
350783,351168.27
160895,163115.68
128570,130325.97
204325,200828.74
323469,312663.3
178412,178306.11
397353,385626.49
351142,336616.22
61271,58641.62
288680,273050.23
190795,191551.61
284029,286810.44
371040,368941.98
418403,418352.81
242238,243907.85
220454,219504.71
1122471,1114468.49
258846,253955.19
373092,369771.27
228926,233904.98
472397,434435.835
258061,260439.12
322226,321027.92
359625,347322.24
271151,269565.78
172572,176490.41
126997,129267.88
667866,656288.04
364624,369154.32
196204,193087.05
272049,272276.97
484647,485838.39
147674,141022.92
116408,111989.81
262006,272993.75
142690,136867.92
566764,572045.3
168871,168401.15
147483,143557.88
249620,253213.9
979436,843987.66
426693,425092.55
292515,293885.19
257111,257518.69
266373,261317.13
531315,517514.88
260017,257197.95
111665,98525.67
504332,502291.72
460121,392920.14
219389,211648.62
129642,130953.05
241601,251749.21
200784,199481.18
1344311,1363689.48
309910,328605.1
379542,391296.37
123808,131653.77
137121,139738.88
431644,436812.16
277577,270792.28
353110,350714.0
261903,266768.03
279484,271001.47
163631,164844.39
185613,206516.92
335900,337620.4
262106,242445.34
122775,123355.13
429859,437566.91
437382,449852.79
846354,856035.56
206206,214348.38
435061,431391.79
268249,277246.52
164849,160554.7
447423,418677.95
574962,564740.79
605763,599689.51
486068,486464.92
203917,203650.89
166075,161525.06
419732,415693.76
178969,179197.12
121318,121905.8
166303,164974.93
261645,277175.192
365400,367058.84
200544,212485.52
170834,179848.79
547196,538125.81
639200,648236.17
200141,198297.35
337575,337968.09
213422,210235.3
635376,622552.34
189355,188125.93
309069,308668.38
457791,438630.71
285106,275507.57
315910,337263.16
154459,157772.52
276014,284864.22
454415,441868.08
223029,221792.38
143597,146247.28
136369,136217.38
288682,281047.75
365096,366094.24
298161,299081.76
524989,512452.24
165737,171173.41
402955,395130.61
206847,204825.74
201181,200622.77
412002,423330.14
388829,389446.36
467441,488301.13
258052,265222.5
251256,252891.1
361371,354187.79
269258,284063.72
75471,78460.78
138920,139021.97
381661,386485.23
479104,493352.87
157934,156689.84
497972,489795.32
452703,459567.32
114531,117028.5
542518,519234.1391666668
155811,140055.98
231968,236144.61
155381,151804.81
221244,226281.23
615401,542063.44
550406,549359.48
416508,410123.66
394045,362271.92
177761,203709.69
181834,170836.73
145983,147014.06
547387,559285.64
208915,219409.32
189338,193682.01
773678,720352.09
270118,272320.89
444390,465754.39
142354,134518.0
295700,296257.88
119312,121015.08
221817,222042.48
465625,458795.54
198110,197979.96
222759,222565.56
515433,516452.67
362586,363793.89
305955,287963.76
224958,246858.33
134038,131766.1
112868,119440.89
384181,402099.57
125676,130780.88
286200,299728.65
189827,189668.11
537718,545415.01
139138,142716.3
435182,432909.83
231760,241591.13
365271,345856.69
150427,148008.0
190430,193787.79
240255,235074.92
178154,194435.13
666572,744666.13
356721,347245.21
158683,166372.91
620501,617308.59
364192,388484.79
190514,192046.25
510930,482955.37
386739,390742.09
517613,507365.58
168657,165851.01
320831,325680.46
232706,237662.24
268475,263532.25
410452,402582.07
411194,401742.94
218550,217156.26
304246,301661.41
432669,429444.94
251283,249380.8
116809,116444.37
199033,193548.33
211684,214054.42
242081,252625.92
151545,152193.28
65928,69791.46
362204,320720.4533333333
729044,716923.07
281981,282026.93
363241,375329.97
427747,452497.74
231020,233223.45
340893,345443.91
124696,125415.47
450582,426637.88
1304186,1366267.02
116274,117909.28
440996,443721.31
186667,187788.18
179563,177403.57
278025,274981.68
178400,162207.77
814185,730955.41
358497,339381.92
135431,130343.96
112205,109978.25
290114,297816.54
248562,248779.73
224661,222882.24
235728,232456.16
154547,151749.83
94454,94155.39
443294,443700.42
485266,480117.94
207820,207287.09
327955,325115.91
149153,153961.67
446384,447277.15
323951,322910.84
182500,188120.84
639371,640026.09
338070,365342.54
233753,223570.16
88015,95142.86
155680,155121.63
91058,89302.6
213290,209704.5
227636,226444.39
354131,372411.19
203346,197980.33
147919,138881.0
177730,177496.02
381501,379457.5
230061,235112.5
374054,378718.56
244203,236912.82
452104,451989.52
360266,365856.97
211719,214905.73
123620,122945.57
266792,273871.39
174935,173067.15
436152,435316.17
188781,189585.85
316809,314583.79
194104,191537.41
214614,219108.02
224284,241053.25
157914,170556.36
176943,178738.34
292585,306877.9
292381,296176.27
214762,218258.55
266247,269969.02
197597,202305.29
304944,299435.89
213431,223307.2
95877,89293.91
208928,215290.2
650452,674395.41
581939,503909.69
653025,644164.24
223346,219345.61
225689,219247.28
298366,298269.49
245444,253861.83
494428,500181.4
192486,185323.41
143832,139279.99
272336,257080.29
219045,221538.38
101633,118565.34
409634,406964.8
511926,523598.7
288103,294577.82
124038,128973.7
270666,272794.4
224713,220945.43
307257,311133.26
111829,113723.41
225055,222402.79
129605,141270.04
81726,78639.24
508908,518763.38
603876,561835.57
303709,296955.83
272731,290715.51
163081,141540.61
482905,468994.63
224728,232668.86
110941,121698.86
780638,784314.77
202550,205062.88
132554,130516.45
398304,391718.09
373699,368601.28
253429,247972.34
237099,221538.37
368899,364463.44
116622,116316.82
80150,79736.43
286499,291873.35
195707,450974.49
121650,123275.17
485738,471204.87
282334,283368.55
144148,144675.16
251056,265447.83
371697,372285.65
167642,168897.68
325284,326194.24
195174,192432.91
316027,309014.66
222170,217664.13
281241,292834.46
194401,183704.62
120275,124957.29
115879,109501.48
278213,296342.0
107601,96954.25
275435,288651.28
305126,286471.18333333335
398862,418436.93
384930,378090.47
212138,224826.8
355958,370263.24
146877,147071.21
300702,299884.0
126239,126313.96
143839,144632.84
114231,120640.72
290239,295650.66
239620,231248.51
424286,413508.12
294524,308796.35
429700,416755.17
350119,349116.78
253615,249618.49
157709,161733.57
127714,140299.16
211791,218266.51
498192,487132.54
231248,228080.97
432566,455433.11
162401,163320.01
185428,193780.09
128846,126816.51
414544,414916.06
171680,179280.5
240489,239554.97
223084,229499.77
225332,232681.01
265231,249352.08
140028,143626.53
243281,248623.98
579970,586705.43
208926,198919.5
319712,319536.81
385851,392143.84
208052,212805.13
183685,191419.63
122940,108373.57
339717,346749.31
342833,352332.04
380410,371921.13
214977,210793.98
237395,231154.23
319876,322743.9
306591,313381.29
462762,458280.18
211896,219355.99
219582,215305.02
540675,528048.21
383043,383111.04
152217,152424.69
63474,61054.67
811694,792081.25
208081,211842.88
142228,141856.65
301064,297730.09
302606,295077.53
420388,454625.23
207162,208849.4
505330,516269.35
677798,644504.09
348785,346539.86
245145,244570.75
297676,295791.74
818880,828764.95
181194,192286.2
358560,361751.14
146140,148137.13
207072,204688.69
81269,78938.77
326504,303664.38
316462,296346.0
230537,229996.97
356979,355013.68
132120,138374.96
150349,151081.62
211578,213231.59
657558,627933.43
325381,322817.19
404082,405486.42
225865,226052.76
265477,263591.56
117007,122717.94
646021,644776.06
412659,417009.44
295600,301143.42
822508,779716.99
340786,357678.61
180356,181034.15
296424,293314.59
186702,189366.44
549346,555696.94
248637,243583.02
310125,304727.95
273097,273421.78
205044,208370.41
173721,180374.17
301816,316033.64
155263,152910.31
524612,501984.13
423993,447678.08
844014,916004.42
294346,293794.43
290261,287189.01
362033,355629.93
365296,365713.85
276025,282921.26
614052,615736.26
347492,315819.83
966625,1001676.85
157962,158324.32
441468,418825.1
651476,683631.13
128330,127063.91
60958,62283.74
348665,318401.46
217700,247487.58
313802,288464.97
241685,232911.56
533715,531652.51
429689,420845.5
529292,521096.5
393860,415583.95
129790,132206.32
127472,128229.12
365262,370911.61
525075,516055.43
490757,488133.03
141339,140405.48
456330,450432.01
248309,257493.56
432142,433181.1
305649,306523.97
288396,292515.93
442606,443588.43
136462,136520.56
315323,311912.44
561530,579959.66
162823,159750.48
489318,468634.16
195107,192154.69
234642,239276.67
216749,215899.47
396258,404738.29
86723,95353.9
357293,359015.82
210448,199138.92
122873,121261.13
154014,161708.17
157601,134367.47
252970,258555.82
602060,598507.01
204087,208915.9
160950,162962.74
228401,233856.44
246416,250878.34
392765,359809.69
763041,714179.02
255746,250859.05
242823,224178.21
411567,396487.51
155724,159318.65
244935,247248.84
986768,1003659.52
386133,416468.29
118344,124537.03
398208,397532.09
213806,212754.67
186260,187549.82
101218,113594.65
238119,254913.93
189653,189612.28
186841,193029.83
64596,65099.68
324344,303500.42
413641,413694.98
434143,442423.53
261282,261452.02
331670,337457.59
154413,157155.03
501662,527121.37
212541,211191.08
499207,534685.03
582285,583357.15
295461,297407.01
440620,436739.5
207691,201075.38
303349,320597.82
140128,140055.98
440746,492679.28
142592,139110.11
215626,204892.19
160571,159460.34
476545,474955.0
145652,140958.16
287136,285062.65
295824,296881.17
238377,237599.03
504555,517103.9
505472,509202.33
317365,311629.52
144486,144454.95
505391,511190.44
395213,396212.96
251699,245537.88
121647,122859.65
318995,326926.71
350965,353323.07
656781,622659.92
165304,167802.16333333336
218855,232827.08
243354,252965.24
490878,493480.93
196166,194617.34
467455,461513.55
426583,425294.43
195928,198358.12
174119,203709.69
284541,292226.2
