Actual Price,Predicted Price (LR),Predicted Price (RF)
295486,286188.5896438882,287396.58
827363,554913.9483012706,849191.63
239079,268199.5426520407,238403.9
236766,307929.2098361552,240570.06
160889,320707.6360781118,162414.65
774019,456588.58123046905,752643.4
229089,167495.42505329475,245525.77
241406,319578.0811908059,242076.09
360542,285450.76463944465,367840.38
145968,226691.03635311127,146081.0
520571,412458.7381028384,533415.85
343255,389109.97400426865,341292.66
265721,274385.3227618784,268661.99
271941,314314.1219762005,280519.37
326444,341579.6814244203,330539.13
195776,269198.846468769,203980.06
187800,255735.11436302587,191423.82
464277,485736.01960570365,406976.68700000003
97392,213182.32178850472,93042.24
224940,313532.7828576863,224179.73
303569,334925.6267876774,300179.61
502091,532946.0514561906,502709.46
233889,292551.4315985553,227859.48
200148,247167.89977166057,201105.34
196812,401017.4743607901,198773.64
354093,348870.0972825885,359279.97
558630,455405.6012102552,570131.13
393831,388918.33914282545,393832.75
220041,323949.8809994124,223461.32
200657,288264.4858552292,201402.61
316021,318658.5999099314,321296.31
345831,245338.54110588506,344557.97
200256,325901.772587575,212750.43
285936,494309.68074097857,286165.99
403432,305125.732128866,379120.61
464488,656725.2888718322,446974.33
452345,645222.775179565,455069.95
336380,338098.9016504437,341826.74
544979,496549.57382650673,545797.37
273218,290832.5731895864,284908.42
489291,233944.22034855932,521030.57
470972,376138.483984787,493421.23
374420,348817.41630544513,342310.6
179637,196178.50488047674,172431.94
437667,393720.3369928822,427229.71
402847,426024.3311997391,409664.8
505619,570452.1131112054,502297.51
93021,114947.21546959132,110486.45
178189,260780.83461316675,179265.56
295744,363666.4413305223,269829.52
455466,210872.5904280506,449532.4
150800,140386.68130136654,160067.32
309873,319912.0659878403,300927.27
323825,346212.3991891183,325970.31
233262,235824.16725547612,231539.52
193773,264776.28128817305,198310.56
221052,339686.71663235873,220208.02
172207,170783.30048581213,170268.92
49045,67764.70884590223,50115.99
347970,341866.9081809744,347047.05
243468,290105.4343385957,239880.65
474551,495675.8127341643,479949.86
476525,457344.97693748027,470440.9
253418,346914.7268749513,262136.86
524987,488242.2819192223,522400.67
74391,57724.77901257202,70900.34
294673,284154.9372792691,289413.33
213655,138629.34769470617,211813.17
387491,445442.53178111836,364899.63
236110,343251.53017669916,229308.14
512942,362506.9280827977,590178.09
248371,169073.7847802788,250540.97
262197,314273.75356300175,260745.18
183099,374841.34477587044,178190.1
139920,195040.72572007403,149613.94
221298,228498.34766615555,220055.83
214973,209849.9228599891,221358.04
181152,147709.40977403894,186588.16
212026,351205.54073060676,209382.66
278474,326475.4360129945,282572.68
222620,298518.2555353381,218230.35
1278113,423674.26290683076,1348051.55
137528,158997.58437789604,138304.87
314304,340073.80307564884,332056.81
651931,408845.25299699605,657214.39
190624,224050.64010550082,187525.06
318928,336021.13186264783,301033.95
270717,366652.19546481967,285232.75
327602,365396.66603940725,317888.8
262231,346867.0867056735,258033.11
470262,404826.6633539945,486894.4
571661,414185.2427797504,468653.62
1353679,400216.31952917203,1285845.71
122055,340155.639275372,126186.0
273054,269006.41796221957,281108.54
256851,338547.5501004122,262931.96
167692,260202.907551419,164047.34
374524,401425.6908054203,380184.61
243308,248422.24741659313,239613.94
412835,368786.8807535581,407768.69
196575,120492.31225051731,198036.88
476731,423360.38714852557,479533.93
157679,139654.19819016755,170275.41
280702,236563.97838710248,284738.06
307992,323308.94543510675,305562.64
300381,253047.3498179391,294201.2
138349,221118.74074536934,139629.19
532804,495693.21928073466,518071.87
240654,159612.69172020257,241375.78
159465,156608.59625228494,162945.9
414376,207964.0480654277,480020.1
190077,341288.00966754556,193117.12
647853,521302.09035218135,640725.71
207346,241397.99792633578,202678.96
420665,503126.7433360331,433732.88200000004
150751,147744.21708802134,149351.0
256883,348897.45376301557,254312.8
215135,233786.7369438894,216275.73
247282,360780.3371965699,239673.09
325064,342798.97326187417,308235.93
130979,325219.17466268316,130132.72
473268,446715.93935161456,491334.9
256550,170075.02995208278,251023.07
955882,518556.0393341556,938384.75
153615,72565.06115423888,152882.76
163173,327571.3673132993,162366.51
113776,113707.70079714432,118978.05
509710,484222.3729919642,506526.11
206050,239506.61144705862,209654.72
594354,498387.1768945493,605576.83
127515,250843.38827341422,126971.2
199538,224114.6053540036,199476.06
145425,158393.98540747538,142247.14
246648,308815.9358210303,254977.57
206729,215609.58309102058,209329.86
579471,473869.2131001279,583247.57
223091,311696.8310603313,220972.87
137946,169349.08862851188,138342.75
135770,154358.07159676775,155147.07
247109,247810.52930156514,253049.01
327108,363443.08585722744,310498.25
215136,283580.851915285,237058.85
501293,403624.84943863377,479112.22
125088,210137.8368910253,138083.47
89206,190264.20381274074,94786.94
314580,299615.8161986321,294768.75
305560,344321.52532166615,322964.65
143522,268580.82776004076,145956.75
454499,388672.2488640994,479917.77
159886,84296.68693844229,153156.22
129295,239450.31151714548,127289.81
287320,409621.799478095,289375.89
210994,214198.64472223073,212323.13
246459,310252.1008404866,243802.53
354994,329112.5429903008,352765.32
243568,332998.92459370196,242374.24
518470,412465.0620617159,504767.55
264013,322655.9504449591,251903.5
127100,251797.69756138325,126125.77
474810,356974.27185022086,482327.58
193713,280701.98748809844,202514.51
433901,372747.07066880167,454476.84
263774,265396.1282207966,272253.69
330066,399384.1313134134,341813.8
216195,349890.0187377222,223403.83
345727,404377.64996233955,332307.63
72055,201705.8539700359,74008.11
218803,206656.1252270043,222147.48
152152,266325.442303136,151090.3
241226,240331.33109257743,235475.56
330422,293715.4525032602,322963.59
342616,453843.4994659871,336190.4
411591,443925.0688912682,452379.94
404447,445979.4584212564,389050.63
223024,158069.3947152607,231806.06
376014,449088.8745351359,364916.81
109413,226281.59981747344,111844.26
169461,381687.94250415266,179122.18
856070,522198.7332650237,823980.98
328431,313824.9575644061,331115.54
239175,175708.43146247417,233900.52
343102,317919.8778310828,346365.85
195498,403491.2507214844,239501.27
216988,298683.7613834478,222163.19
546512,450486.22201744094,543454.12
165383,423115.24444741383,332145.82
144534,70204.06606818363,151805.19
311769,360011.6180340983,308633.04
262861,399328.7029099986,278223.45
520123,413114.7497860566,489324.89
306942,302765.2042087279,315934.23
156059,214820.48534367606,170093.4
82386,143032.74413841218,79275.58
373122,449236.8567179814,376283.09
252877,251035.52140716836,255010.91
426557,396678.843207147,416835.65
176489,267023.0057814233,182425.49
363224,363445.0816688314,351919.43
200844,267973.64693753794,210587.74
710090,540456.9615586512,724363.89
295844,299124.0833398104,294698.54
322834,434771.9585400745,322830.58
213997,239729.97879281268,219621.49
439595,418466.6032867916,428553.71
225765,302556.89496112615,232289.05
808270,273106.0566315055,778405.36
166896,123096.22203581408,167685.2
399480,388069.53443719074,401613.69
98810,131489.79106228426,109981.97
223135,206575.65882225707,219065.76
509025,484721.61928255484,513585.09
263672,349248.6720829047,259490.5
368133,410067.174554728,359954.06
130411,109892.28870515153,143622.52
863878,332371.73246349767,829178.08
210206,326292.7117600776,211433.76
187235,348812.6377735175,185896.1
222308,305932.1059333272,222908.88
130144,132904.3127052337,132813.11
145402,145323.22277890518,142559.5
54746,81541.55521784723,56601.5
173905,192888.98893313855,170516.87
342013,322870.7621594593,314235.17
227626,158451.1607608907,232952.44
113914,131526.93000242487,111254.59
802129,794759.853919711,795944.17
411087,449763.27346228436,410874.8
204067,273961.9623706527,205609.21
277733,363635.0978658423,273396.87
312586,336072.33359184116,314102.77
469890,404785.40382261947,476362.78
328022,387458.46882894635,335656.07
219335,321313.4082909487,220660.62
122481,324707.6092303507,347360.0
457769,404912.5711323656,433250.5
162771,234656.78098165616,163861.31
177232,216584.6631560959,174355.79
518699,549656.3722681738,498545.0
206043,265096.3485474214,209865.37
433857,356261.47880459204,419081.96
374181,306485.58076900616,363161.87
248541,245813.80810007453,239424.12
108535,199307.26368371025,101985.27
188251,233419.03935997188,189040.7
141105,106291.05301258713,142009.27
365319,398247.2277277447,369978.56
770240,311508.6421093419,763003.75
361012,400053.58907528967,365959.46
275710,295483.8772071339,272984.62
598430,309593.2174667567,692980.45
145380,93410.22360242158,150774.06
178888,164970.54807730764,176390.97
387178,503131.5875456147,433837.195
288719,333181.57821014896,292282.45
196797,207337.83766388148,173497.36
372628,350502.59586682916,379827.38
161927,237276.11704888195,163612.71
256614,227991.45039805025,245627.29
188839,179883.72457507625,173802.64
477486,401058.0549103841,469916.08
394813,402584.4734525569,360573.51
429921,390312.086220596,430475.26
294574,403239.0711004101,288096.08
137765,123181.34449199587,132615.21
818816,324036.9596976973,846527.99
156730,10196.427674531937,148028.46
287539,375469.89366385713,283979.21
565648,414944.1689478494,576342.14
82643,74827.9918073453,89501.42
230666,251188.00585420802,219694.58
246396,303485.10101211816,237848.74
250972,267755.9921754226,262162.2
105619,49265.31711842492,97517.66
140983,258869.8112179041,138903.52
292355,291396.3988795467,278844.61
240106,382283.23778966814,235876.02
387587,455324.1716498174,390704.49
211100,137181.2905907482,193362.69
189494,232356.54272463545,189882.89
414525,402241.09947941825,434375.01
241094,393378.14819784835,243358.27
125998,153854.9309470728,134041.63
169025,131537.2148833312,165592.66
313550,398234.8912942037,314395.98
159843,72341.33923833445,160806.09
321825,357536.4429246448,321925.37
395993,509939.2178965993,395608.27
214594,177172.56471037865,232625.34
413229,433357.97840596363,428480.22
160027,131158.16945926845,161874.59
799950,592670.7338199429,854684.47
498895,488285.00640539825,493838.73
169013,246859.20308161527,170091.92
180356,147497.87928888574,186461.52
736741,312585.173033759,759899.9
406757,510333.9018344544,397984.86
268204,374895.73091354966,263608.93
338590,306485.4453006722,368541.8
247818,257241.1463211216,239347.92
207952,380356.29765706137,206262.23
150519,366928.3457006067,150850.96
401761,429122.842200432,395186.11
473659,394860.0232056007,500588.65
92647,31925.829283572733,91540.51
211970,208747.82657277584,213868.14
576272,500682.8345947899,574988.38
176816,277846.98497621715,177326.79
524868,406622.9862672761,533392.27
233873,169908.71208971366,242900.45
509666,383646.1493053213,509445.1
608411,407118.1424360052,633577.46
218737,283409.2252641842,229793.33
121096,324594.57767339796,282726.15
138960,69678.08623279259,126010.04
120426,147776.98332275078,112350.34
482733,379453.3759739548,486732.35
233924,163281.35803860426,231231.6
192322,258239.44996238127,193049.16
279870,377619.99697629735,286724.98
272872,322773.0934588611,263583.72
153852,70420.44076291844,148259.05
280870,360435.53760287166,275784.82
538120,432657.2686163448,536999.31
322322,254843.93801210076,324622.92
674672,409774.0300874077,657174.17
55425,63684.26963998005,54328.46
1259725,458715.6370921992,1257387.29
141286,247765.125214044,139166.96
357918,265330.597895883,340025.58
257276,301131.9039959498,269326.19
736489,523885.62270185724,751360.64
288556,410314.5214485489,288654.77
138977,258894.0322658196,138719.99
158659,138465.59122616425,155156.42
233449,259061.55067839846,233908.88
342178,326164.86265119165,352787.51
68494,77640.35176651552,62861.36
395374,497126.9410349764,405395.75
199603,155591.50036022812,194856.15
250675,337785.0646822192,250063.83
301585,306507.73957740143,298813.11
301202,326091.1364726275,298640.98
179444,106493.12303122878,182499.99
189153,196865.27876836061,187632.87
279119,475905.88583156466,253725.49
264662,331653.44767118245,260516.0
250480,331711.8005790189,247158.25
295174,348599.99543474615,281205.392
254281,248916.36610429361,250112.19
728693,544719.2164334133,723765.36
125554,296065.1154438332,265562.51
506250,557274.451185435,502831.03
178494,324090.18285147846,181126.28
188268,190606.14122409746,189386.52
137261,138593.9039023295,135254.01
397360,456592.1492522843,398672.08
280822,487851.8389943354,284408.77
632614,576214.5713781342,610986.06
430742,377048.1315691471,430098.49
94674,49819.17174748331,97999.93
174796,178911.3797049597,162281.64
420874,386725.0839179568,427741.17
232297,328705.2082290426,237471.22
366351,331680.9114203565,379989.15
355363,404918.16244176775,360148.45
610256,429025.6949449666,392950.61
470862,460618.4494170584,483067.66
489625,357768.6194038354,494004.75
222005,242608.4281475693,219972.16
139243,201464.39520901814,139720.32
755143,487450.29675068334,762871.33
329660,317443.91519352794,342997.78
467825,387530.427808363,448886.57
287143,384530.9526782669,288255.33
131763,171891.29407651722,143420.2
373890,437929.7542729415,385243.22
183199,322218.7032156773,181620.88
205246,178604.03822703287,208342.97
391691,299353.75555691496,383717.41
165708,118815.6619965136,162524.37
489068,420406.84177296236,483437.62
225807,299225.63810027763,224296.06
146554,151934.0546291992,149431.74
403080,393589.6360506974,399988.48
243904,191417.503281001,249997.78
255883,216080.9350292422,269561.98
412969,375621.09583543986,375414.09
179034,147771.93064820394,181845.14
212152,275232.1525817141,211430.7
237854,213778.50295533612,235228.5
189470,165277.34801760316,176347.01
278445,226885.8149979785,278524.69
255270,336815.91917861253,255033.67
188039,312321.03215724975,187586.46
293936,396648.4708982967,289616.93
265336,421822.45700313523,264860.49
160992,175902.74072290957,162475.93
150960,314698.23678549007,152493.66
367053,304452.2165501006,364242.22
208038,311813.321788311,208516.63
471224,444625.93189143017,485980.91
407174,395804.05788759515,393586.99
199523,302336.9067632146,202749.38
456331,342726.6616910733,445742.6
329352,294229.6804291606,336282.73
420440,306537.72348613665,410748.93
183598,116343.92776050791,184094.64
430090,405480.9651795253,429666.16
1294113,467336.36457517,1209957.83
189033,295624.1894173771,224773.31
150698,133652.61220562086,151517.96500000003
201103,184162.96323677897,188931.29428571428
239629,324445.7640273571,237550.63
233163,299336.94951749593,225657.74
523673,487387.9181774184,520171.82
362157,280720.7562780902,368945.71
121754,70578.36169490218,126313.96
312668,286222.47818407044,305578.03
131716,226419.92076636478,130189.05
234464,335379.0392602496,231397.05
451560,405849.28643708676,434064.27
270980,210857.9372439012,273511.84
214923,248929.0727197416,217500.93
488299,421101.58998147026,487831.18
273569,294360.66954195127,297656.82
501604,553691.6157507375,501971.63
241641,159682.12539089844,239468.11
561529,465919.0076092705,541075.83
486864,377222.4003667943,488662.17
156131,220508.2101879008,155800.49
257755,253139.13303514943,253374.59
600835,478728.97925081477,598966.81
258662,391630.00442634895,266730.24
169414,380679.36598223075,175913.19333333336
98713,180713.03793665394,110186.04
379377,329730.9108524583,381589.82
258782,178633.48931979015,247420.57
503646,510756.7498999275,515401.49
287162,418004.01023130864,303474.55
224613,314657.31959865615,230929.47
167561,199029.32997155935,172743.55
137025,258666.35441539064,139084.62
115377,133385.16792538762,114375.99
214554,277663.2440399118,223582.08
579743,476223.352082178,594319.36
127346,215451.2409858778,128865.33
397157,479967.6285036653,393144.87
138535,167971.71837024018,138138.01
144954,171426.6751065515,138049.23
393802,430175.2544539124,396772.15
186697,335700.9585314132,197324.3
513042,503694.70398838446,505912.34
554546,360657.3121162839,597730.66
755047,307020.042300608,692404.48
124283,135841.25747066736,134688.08
244239,200601.38752708584,247290.04
158291,137822.66847614944,154371.24
494430,378980.68212369084,497372.09
275224,298258.77619256824,284428.33
156797,131782.65483556688,171441.21
126333,322640.74647467583,127812.0
239733,349593.67806430906,240108.37
253536,253065.068639528,256740.71
198252,279832.5369496122,201584.0
295199,288501.20291930065,284054.63
204594,200947.6808409132,203977.25
257717,212564.000608854,247002.24
224199,382331.0025438629,226707.84
391718,388274.1485069543,386412.41
339218,438816.52936437726,355986.47
246813,140632.42180326208,254920.67
218908,289586.9422848895,219334.93
316973,299599.5292529538,305889.76
242041,317819.63311195746,242105.68
123844,125800.47506867349,127838.35
260201,338153.1370992176,262650.96
369722,431277.61598015577,364820.63
397849,421828.15631885454,397422.22
172141,171178.3799452372,167430.25
165131,212374.656848941,172377.65
53720,65274.78511992842,51815.38
528639,464686.0562755801,524893.1
112468,155667.54630824178,103900.65
334896,313265.08708639443,326989.53
255333,263279.27526980266,271222.63
290461,275708.53132418543,312876.36
428110,305210.09558993205,426786.43
338033,295492.56790836155,326111.37
177101,222101.9724540636,189052.36
258267,339074.7463146113,252749.89
254112,345824.6007166654,257681.22
222469,193091.47955770046,218826.06
415960,443191.41486747935,410347.61
369869,346902.8341966793,370357.68
361508,242660.12624535337,360208.31
267725,374277.8697813302,268500.87
188826,347154.30335939303,191862.08
384975,420990.818746835,406325.78
146988,238701.82943212613,147923.7
198089,294718.46091053635,210353.11
284387,329155.7365467027,285185.39
159583,186056.6758051701,165408.34
283381,383274.687659584,286230.93
843239,544704.9670865275,840765.25
431157,412639.2173565775,432813.85
177921,297068.31584440917,179022.34
137178,11666.31421212852,135028.38
130416,238433.0275045894,123932.42
125958,105449.77528156713,135528.62
296892,287570.3511244841,298831.89
490578,398337.69844072685,494573.82
999384,577891.2685156502,1022760.86
560818,415260.6573073119,565995.52
205592,268351.7544830479,209478.31
233041,259293.96626022458,233763.75
131408,247925.5593675524,128809.22
224088,276383.1556867324,224457.55
227204,262539.3073727079,219393.42
393892,392408.54277354106,405121.22
307214,229782.07565170154,295256.59
290617,356169.622828383,302251.67
537986,440692.3855628781,536284.54
249511,209872.37627621368,250404.96
213840,214447.33948900178,213358.61
168661,313159.9506625086,166537.56
108078,194062.59944118932,105120.57
222176,409198.9696671963,219099.07
288467,142631.41722372174,274788.72
429222,355316.81597164646,417513.59
224114,230615.64927203953,222369.64
211152,205159.6159385927,215233.84
251803,360899.82769963145,239673.09
1313357,394302.5302909203,1299908.76
421117,335045.9906284362,425871.65
405885,398063.4458136484,395390.87
617956,436039.3080609627,612448.33
246757,299871.46099847555,245889.32
516319,634502.938250266,464053.32366666675
392849,356148.46762704477,401003.41
206571,320460.19286683947,200654.75
151665,257309.9737901315,151085.53
662897,404283.1657196395,649943.18
139011,198495.98608565703,149354.87
175248,225329.04154316708,174151.78
575996,468953.4765300825,582451.24
225583,354043.20061058924,226754.59
607906,433429.9262681864,603560.85
190503,166569.13723989576,172761.93
241557,310246.7798999846,236889.98
247355,431861.2562030293,403944.09
186023,229255.09648536518,194679.64
119438,242517.92765586078,116999.16
254676,243180.09273162484,257658.6
239703,207429.59788315743,232506.6
157410,139374.43027943,155864.44
193360,81829.99832004681,189882.92
173374,187509.97018908337,178800.42
195246,177096.62181950733,199968.08
176036,153053.896455504,177064.92
470731,412964.9148513414,484154.08
314011,351517.9463417791,321729.5
258940,347151.99054421484,258014.63
155694,391890.01357821,157540.64
154406,136442.23205038905,167329.05
245103,356162.4871013239,264286.22
83590,-367689.5604675226,80791.98
194486,260859.8175456412,193721.54
221945,256456.84009294957,215161.6
300654,446703.5744991042,309750.0
204107,358101.5288330242,208513.89
270369,212176.47817925364,270950.21
277154,252826.17424022034,277963.89
226856,279585.58132434264,232396.75
350272,343462.7286925465,342943.6
253596,332344.17312877625,257903.71
460081,413584.973678045,504768.99
190809,164670.10886201635,190189.07
431207,333129.2983698547,427967.46
514789,492616.0176092237,511025.04
334216,350037.2569264099,343867.93
183101,289900.5414911397,190132.19
144010,230261.32760690153,140688.77
336860,293837.2994528897,336282.73
200308,288287.8377831727,200139.77
227847,178528.26579581574,240853.88
191249,194122.0143934749,190081.97
274243,404349.1037931256,271950.3
192610,344604.6343818903,191896.78
412275,174177.97387709096,411022.59
245034,305387.0422297977,252242.41
97896,98020.95943391323,90099.56
1025448,580639.648036778,990074.62
169495,138848.05390990898,173098.02
150547,137860.86448442563,171134.49
411183,485840.04008512944,430809.9
341717,324692.9137449376,329153.61
221715,230982.19038233906,217717.68
327054,356638.6494151503,322513.85
106437,112827.06640850008,106797.54
265515,245229.41540271416,276193.17
432327,381209.5954375416,432285.13
217711,231846.69573181123,217774.54
297653,271445.3927608356,290976.3
221353,141075.24049522355,218997.05
348367,440982.7867052965,328868.85
236133,396645.0044961609,240268.04
188013,221356.85903704911,188073.58
517488,411925.85328181833,527690.9
83504,-377697.69746725634,81268.51
90683,64856.52363148332,97090.97
220863,284749.261833705,224549.62
319393,343712.0451095328,347525.34
572468,500905.66823563725,577870.98
185201,143536.9305860214,189150.46
371704,438506.1015118845,373801.0
212536,265435.45410168543,208688.48
402761,399306.1676468104,364479.41
181910,379683.44729929045,177724.8
241086,319909.10217902064,242076.09
221962,349272.6883677058,227793.16
217469,153960.54156400263,217480.54
149010,226792.76475436985,145766.26
403842,386988.07765903696,408963.18
159023,169522.35352741927,156703.95
158863,310735.67334610224,157143.34
250410,443941.95137508214,466626.91
129047,86740.79179277271,128080.32
410924,441851.9419422634,409958.98
502387,477147.33067152277,513490.31
402781,365899.9048913717,413105.59
465254,376949.7699468322,493993.05
438896,651997.7080569752,444915.55
358877,447683.11668513715,400977.69
577117,450336.95093540475,569120.8
235367,243892.9189883992,234678.8
128245,172764.79334848747,140585.21
383039,458739.1990705319,393793.09
261856,310244.1162711568,264458.13
215778,248166.35127649456,217577.86
213660,179295.068624679,242676.76
401811,439141.2664885856,423752.92
413985,393183.01436726376,426987.61
233489,343389.3670953773,232782.07
225902,363183.1425709836,221687.54
503809,352954.5092747025,505730.79
241908,355049.8900999762,265806.76
256016,393916.0806724243,261041.1
261442,292785.9500399381,261005.4
445016,598363.2287372015,433324.125
164946,314226.696840886,167343.65
321380,303568.90154221654,304952.37
148176,294866.5759472698,148878.85
449306,448498.5794555247,435233.91
471861,503115.4401803389,435323.6866666667
183865,190347.33814179897,175593.43
162695,235118.6173954457,164065.4
121610,63685.05145742744,126313.96
222306,273297.83758941665,222115.16
369070,410903.72490144894,375728.72
297181,412325.766376663,302709.27
195066,261815.32619200274,196836.7
122881,137147.07769294456,126165.45
404889,388151.69838470593,404168.07
411955,532594.7171729468,367036.2165
157722,109582.32977315784,157852.57
225770,290363.2761718966,228560.57
596494,426479.9796000831,602632.62
177919,184778.34740744904,173139.99
55001,11662.73956850171,55078.91
475211,412345.677753184,463108.63
146193,201065.591988571,148563.88
396942,420423.0101859011,394087.76
451186,378290.87628432736,465406.19
302407,334018.1644922048,290643.27
215387,322981.40363277495,220924.6
808321,559812.2956665084,842405.23
503545,506187.7255911194,505842.2
186131,266185.6022148691,182917.15
221971,244381.45806477964,225468.5
299832,254562.16256646067,293253.51
276866,280329.23191101477,263439.28
201112,259307.5604800433,202722.0
87439,8533.06064369157,94649.93
283801,396839.9017420858,271903.25
514738,383337.5882767625,514981.34
341638,379945.09110826626,350998.66
252174,402998.9810896814,255640.46
491205,376696.5163652003,494803.46
220311,347173.2317860909,227122.11
271777,263765.2948574051,259189.24
245067,322474.9644855112,251606.51
261968,332011.62146671116,255810.04
691362,409287.79173365235,722389.42
313744,242695.68437665328,303409.56
315709,346916.8061116822,347617.28
422722,325060.8874684796,422988.65
305423,233048.28610533848,286837.98
190223,293461.45666057616,179829.94
135645,168569.17088555172,138645.11
201935,288941.75956886634,201146.82
183066,133346.30211997405,192699.51
116171,132155.7069478035,122662.34
191210,284884.5027810298,194462.45
289569,387095.2676127665,292841.17
387993,451014.41207410395,384624.58
403531,419323.8143597096,401630.4
52412,65276.399856455624,51815.38
154361,221267.02273906022,155348.44
292148,231884.0175350979,292735.58
134826,201727.63396499678,139160.34
130506,145263.47752737254,141188.46
157736,263601.38178062066,159728.16
350230,341177.4881517254,334615.92
410610,458136.7773543224,416409.2
231593,351057.36980161443,233977.73
252761,212760.53152148798,258082.21
235541,273264.29811547697,234560.25
326811,411160.5560051501,341815.46
250979,311156.08451652154,257180.05
267544,272391.1231499575,278102.48
245128,294705.7219044082,239832.33
332314,406868.8294679001,334870.82
434610,436164.33605160564,429068.68
424732,423978.7172298692,414924.76
151334,366535.9647243358,150984.29
213243,270698.07385697216,223461.27
493877,390881.9189564474,511264.21
250831,320440.6229137853,250387.74
302371,259444.0609144345,280760.02
210847,290992.58038309216,200392.74
218199,363057.42664415017,223858.47
231922,294270.32519424707,231044.09
413405,496235.0319480449,406242.53
646005,469428.543588914,648775.56
135400,281412.46087504923,140167.04
231587,232127.95065918192,234436.23
269410,390492.24898220226,268000.97
221309,293327.9962273054,223306.24
183941,140726.20424879715,191292.49
244146,322947.02030837163,252934.25
409238,403563.56869574264,409814.74
423456,335305.96320942044,426368.84
352808,433585.6925356686,363133.19
443140,431580.4414631538,440404.44
210508,214015.83813801408,206008.58
100767,63198.18921736255,95919.57
139400,168238.14989734069,138573.5
89194,141897.13048665598,86311.91
235300,202332.65016744286,231197.91
475442,473417.5110900067,487280.27
183462,222011.3893971853,184551.52
562740,430384.2243550606,540433.37
261967,314647.0459306054,259771.11
209504,259946.42763290927,224401.23
494468,575420.9670103565,497372.35
234730,314893.35295179486,235060.89
1023157,648117.2818312421,981211.04
200399,305226.3102355823,199342.56
221817,348125.1117127612,225764.48
305837,259568.37554739416,302482.52
474370,288784.5233901888,458699.54
274751,211587.09934658185,271415.68
561445,460614.26674549654,560923.18
277389,528884.3182548434,285127.45
149918,261896.21988432482,148720.95
206825,231895.59088442475,204677.81
331103,368152.59653959423,330817.43
284256,505841.4806128219,285973.34
208458,145631.13015222177,206479.31
129652,166000.36333592236,131546.77
252230,285259.738538485,270700.08
95134,61397.75798878819,95377.71
503943,412289.95498269424,504018.03
190484,346551.3178216778,184829.54
376668,441989.4275614694,396622.33
537787,403765.0647154972,531752.3
112733,224418.19386431575,110024.44
295859,404721.7171510905,306169.56
598031,363499.4927077703,617580.27
251091,260162.51721025258,250195.6
190494,265509.8433677666,192023.72
336980,403915.1206768565,339897.69
199567,184242.0853266418,199245.85047619054
364997,515532.02797046676,369445.12
366988,281092.8339045495,371322.15
528035,445347.20989630744,505693.95
297428,361270.81404137984,288989.58
368343,447748.31456988305,381677.16
142601,143129.48083535954,141534.42
275148,271296.64729639515,267053.66
202125,274641.45251221955,200419.58
495497,490111.3387188837,511618.14
968404,710522.8773761578,849806.75
218542,295895.9609317146,220109.59
118710,215365.95222188532,117354.97
412383,375878.1248723194,426968.04
168190,157566.8450051844,164857.59
412029,293636.5098930001,387114.0
162963,212072.51222753152,179857.3
135743,202758.44297002628,134025.96
197100,201750.2419846952,203861.19
1189245,383715.73667498305,1150502.61
236204,336490.66351433843,232864.32
490464,227015.34836742654,500547.45
131532,246373.79756427184,130673.45
297370,322109.8239295706,303344.8
735096,412999.12874893844,720180.04
254013,198219.68083715066,246825.4
225589,316408.8869804889,228991.05
158072,118826.96515221149,167101.55
304015,252724.25616062433,294195.4
223210,291443.8625109084,222081.98
118022,97397.36836316437,114181.04
240255,253494.19137607142,243705.51
291280,443979.40514248237,291699.88
213432,276821.053325139,209904.51
208752,225188.01781463996,205590.84
211658,374961.1933311969,214658.48
220162,344891.3865365945,224203.53
292880,411661.034122508,292195.64
207936,193374.32465877756,199212.6
482555,412440.90049028397,473501.9
174161,254572.0553580597,175049.18
304624,425233.45733430237,303151.51
117034,128944.29345574975,122852.31
323113,388905.2892309092,315174.84
461068,452858.832233388,463566.32
203424,302005.50965615734,203721.08
1388037,450273.4310856052,1323556.21
159782,264762.3773441613,157594.46
149543,146606.24115055427,155034.36
116956,158938.18483633175,108233.45
222725,272955.77349875495,223588.01
376493,142406.62602909282,365094.72
333820,277883.5330261849,321818.55
170251,245319.6274118647,167291.35
190404,309051.19068831205,191314.51
227558,411495.48301376775,240384.83
235702,415031.88661072776,234900.86
166465,153311.48565015942,162701.95
859593,560859.6258650981,838332.21
196163,218249.02801809832,193506.42
136629,258037.42626230046,136567.74
250786,380843.04372194037,256125.32
65025,77417.51812566817,62869.87
674209,410256.31620274857,654590.63
273159,197733.24964302778,280539.69
161339,118843.11251748726,168942.38
377545,432890.56687355787,327895.3
123415,229779.93574547768,121295.86
563206,451036.13185197115,573157.39
137537,274860.53811692074,136549.28
228084,266450.19813321903,230808.53
193603,294525.2051610984,181549.05
245454,208793.14686864242,245889.37
723130,448377.20578242466,756608.18
346353,354697.4252120815,340340.1
140155,201304.5729946941,143599.75
485434,438003.7039309554,482906.53
290379,379178.1229582019,309666.0
54769,63590.61492136121,54349.17
227176,349836.7324323021,223403.83
515687,437812.92809033394,540582.88
308543,381059.78731824085,313056.76
780423,432315.4634014107,768083.83
324934,326342.7986318357,320495.05
183476,293787.3842693679,188760.91
84245,43123.94654370099,89199.34
138050,259098.3081611097,135416.27
713339,411075.77677545324,748257.3
190486,222240.8174524717,190742.51
666670,406748.0859510526,645719.8
153591,222824.63144727796,159789.34
171618,107702.84662258253,163977.36
257977,312422.35242467,254042.14
293114,272031.0369042419,287324.54
142791,196264.3440202698,151525.0
203464,200317.36995491385,204387.45
1226681,393401.7843449153,1237325.8
251907,172780.69487437233,245267.85
130118,338406.87961568683,128196.69
254685,393214.31497421116,261057.5
291548,412715.35767314583,294425.07
270780,278921.6228848696,278707.56
130069,199206.26696322858,140195.07
58617,192893.70142255723,59030.61
150106,155338.9038967453,148659.01
366045,477995.94596689567,371428.84
611487,407351.05254742876,541474.14
622345,440889.08366407454,620845.1
274016,314262.4504073076,268525.7
485525,396802.9669805579,490813.67
254539,273976.9963961579,261936.49
384846,386822.50789904594,402223.4
332222,369244.2390601076,327195.23
242750,269585.9603669457,261533.01
435951,393140.27605663985,441397.38
257529,237357.2302702479,246445.88
518054,237670.7673342377,521521.69
222683,163322.66384668648,225915.66
287902,300396.8813283816,293871.85
833334,485963.7270388603,786624.41
132156,112156.33632380515,128968.01
205001,270913.6971949972,201197.73
170871,101217.61476004869,169661.79
896171,512191.3213162273,934555.69
334510,446552.48404817656,339025.88
330990,322145.082142856,324297.87
295634,294097.64363451675,295486.11
316547,428805.60144538805,325204.65
183672,143246.27801100537,189052.39
282996,360847.84817419946,275255.01
298115,294182.6690782234,301920.32
229652,289853.34679700807,227657.46
1418032,463740.8343649283,1304489.85
961901,573529.4309660569,1002343.51
157244,174991.46614731103,152177.81
163821,313576.7516200356,163110.9
64137,31147.920999202877,65991.18
130709,354629.3173830621,130394.27
138440,260623.41508716717,136185.17
256005,390686.75883582607,261410.83
246078,234228.74425842613,240354.77
332988,391459.45682326704,343378.43
203406,228118.61874815077,202170.02
297099,277494.98498311266,285090.21
128285,145368.43540168554,141638.76
388966,394001.36235747114,370435.97
648359,673377.8935945332,743317.19
312776,371296.3858449608,300639.97
377756,368197.48015406355,416321.46
225295,273628.59656565264,226910.71
313482,296198.2325344309,304082.12
163807,201821.71378392726,169007.98
177553,113240.39656256884,171489.6
402585,396106.9765255116,417409.44
257322,252554.59841205925,256744.14
354594,332474.9156438261,356606.88
103960,131386.44792449847,110365.77
498785,579898.1281950697,563875.95
749337,423904.85834078863,624442.93
250793,352511.23411238566,250687.4
126502,294035.39162830263,127152.95
274154,211162.72692609578,268558.26
206501,252168.70413682982,202648.21
312817,332230.21878406405,347401.95
410646,424359.01880824193,404894.99
336427,357618.86367421225,315698.76
237514,214491.40574877337,246667.82
610837,452322.28300280496,572618.64
162004,247859.0285792537,165536.27
115328,241773.5341165103,117377.68
126776,139864.38163704798,120587.53
188265,263211.6877083294,191348.53
130061,260427.23632354662,133835.28
188192,262434.90653559566,189297.74
113511,116059.76893729344,94669.51
194328,69419.13336684555,189882.92
616322,469140.7031985596,641274.08
935638,551430.9020629898,957594.68
67351,44831.75158439949,71927.49
137141,279054.53805082664,137388.82
277882,266006.4390613735,264967.67
165795,219300.6499959752,172761.64
172649,310793.76698263735,173511.73
409263,461754.4596509896,416322.38
376687,351362.7157204598,383681.22
359728,333919.68977349624,367944.69
143046,133705.89851104096,156075.285
572994,510358.0549086705,566832.54
305556,348587.0775425248,264461.17466666666
211731,275283.824150607,211212.41
519383,395920.9226843342,518511.25
208941,189898.63264156505,208433.03
146424,212402.48409507424,144244.99
162101,402118.2900606282,163090.9
480141,413141.06750674173,457688.54
168771,313564.65486446023,165944.08
287656,364886.45659814775,277332.69
512596,338356.94968810305,461297.38
129217,325637.3914234005,130289.12
121858,338623.25431042165,128335.46
398221,357174.35051446036,387947.3
159293,285859.6556349471,161921.53
252858,230960.95087280124,251422.35
134136,258652.6408794187,136097.13
62928,204297.5060972646,73501.72
314411,225003.56102052703,300105.9
52266,63958.774849716574,54566.01
440624,419680.6577527374,420952.98
633826,438193.0530534759,621972.07
214493,251970.6040648073,216764.18
196745,375124.35540537536,206861.34
512588,467993.69827548414,523178.09
190136,161442.40176194534,190225.57
336239,405262.8027530387,338881.45
256399,183095.1218899712,266485.84
132780,306561.4381898828,143863.37
218347,203453.1805331558,216349.13
178311,215825.63619719446,189316.63
171213,112318.19136263058,165432.24
111828,83201.29017301649,111729.86
126444,356279.57811454684,155971.1
212126,245342.2946868539,199782.6
242725,266195.8716883734,231429.49
196500,260274.86754441634,198164.58
476223,471865.71399252117,491159.83
210530,325873.26490099356,210738.55
191273,309267.56538304687,193711.21
475935,381560.05850879103,457657.86
322552,218429.0409554802,290761.06
575350,461758.61581826955,590018.16
365567,411977.5682261251,371615.97
205285,148857.3737349026,203710.52
147969,155586.73013957962,151063.19
525124,409978.9467186481,531278.73
104383,86843.13237538934,113558.89
217190,249567.9425826855,216915.47
446019,443586.8102843836,430335.2
153199,64932.92804847285,154219.95
136148,119199.40421427414,127445.59
461109,376285.9746744819,455030.44
540301,433941.2435519509,560270.41
262076,329846.1757201627,264437.99
261478,271642.8350038603,274805.26
85464,65520.18034443632,95757.86
160483,187656.9946572967,156354.85
1003535,637782.1807285249,1032517.92
248005,296993.61969503015,239616.18
159104,93524.86989590153,148555.25
312461,268521.9861204475,309532.03
448359,372071.4806963317,466832.69
147576,145297.2838636525,149243.57
367546,453513.07509227097,374337.31
338702,442980.55624760315,337852.92
405580,580817.4278248772,417312.26
153527,22954.460981227458,148106.46
108062,105081.28711153194,104023.77333333332
971985,545855.1455157846,940245.72
578215,473357.3416207954,589062.91
1347030,378405.43761889264,1296130.23
115601,259461.70863492787,115727.73
424913,408567.7722731903,417890.59
236007,158711.5701322481,233066.68
141172,168422.47898897156,135675.89
50416,49597.21924305707,49982.08
247745,327102.7025722973,253693.07
298411,236363.46106784046,303065.04
353259,338807.15551219136,339546.18
282820,261700.4262414761,276740.38
326007,351628.2444242649,319146.73
204006,173670.94704173505,217900.72
291677,281277.2914737202,293643.75
1042777,373186.60893391445,971424.05
372362,446502.10413512215,355685.07
367635,389453.17114790156,363298.84
226855,291773.2687625922,222039.45
278194,215911.1167571582,276713.3
187219,320668.55614892393,189177.29
486673,207072.27444682643,482203.69
329443,339635.5455335155,312607.0
423298,408469.59606537595,438289.07
233579,276155.85819768906,232989.36
262814,370300.53552487865,256387.44
153902,146995.87618629634,173827.67
742878,488285.1481858231,751768.45
320612,242812.75821663067,312856.78
238239,229688.53848883882,251788.59
239115,256117.545177415,242298.52
159227,217892.90560485795,157412.43
685330,459240.48120522127,691140.36
129701,325752.0377168767,130279.48
145136,205227.60887257755,145411.94
854798,727916.4868079871,853856.291619048
207632,290569.5085293837,204210.78
141645,146590.50109623373,133117.77
289615,263605.4993596412,305227.5
277156,233555.05447511375,295845.83
238330,227890.88201005384,238932.74
282066,254343.01901366934,282067.51
204766,230616.0095624812,203891.86
513342,433804.4593459591,537050.89
340684,265258.0702204555,344594.25
262525,374430.19688826427,267500.97
161409,399167.139286343,172995.77
394039,373990.99969416857,382457.43
359263,343674.69763524085,374328.54
175171,220569.43604075536,175584.47
253301,253187.78861564398,256739.75
129887,64956.59662530199,125580.29
542726,433281.5964717902,551907.88
821510,327807.37550628185,831020.36
315083,325022.3434808217,298051.12
1288940,470051.5119708553,574698.62
248904,328583.1757888645,248897.94
236930,133481.2606614828,212611.58
135960,193460.26230737567,135752.98
292817,294197.1273112111,278722.6
178696,231660.55876412615,177968.21
350559,301810.03702011704,354391.08
124654,195162.2128314413,128682.69
225156,384556.05875294283,220903.92
347485,425089.16309764236,355288.91
318602,313472.12130795047,321598.36
1116111,644184.9859648868,1071064.77
188404,223488.8480510339,183352.68
233303,259496.75660450757,233761.39
158760,138130.4891157709,162584.54
399157,453249.1076336801,403432.89
769724,485479.28431367874,774523.14
429187,407971.92425107956,433825.64
493882,441048.13299340755,490916.2
253406,243033.6935809031,257522.72
132784,125908.66241603717,116582.74
318631,350742.87280840427,323218.37
584059,397528.20533777773,569698.99
419564,335446.44528734684,426368.84
273062,183952.54698626697,268424.8
226108,283490.30078585446,226380.1
122676,213770.5925323516,123390.66
357548,379077.9775927998,356133.93
251482,378612.73457301036,253796.37
169085,219925.17101494223,167155.46
304805,377075.9812719263,310648.37
317282,295017.7914500199,306802.8
194961,404861.6310003698,194218.6
396155,503138.04649172723,400472.838
426901,583644.2629776411,425408.11
440513,382299.4506591633,449393.68
294598,333502.9216626026,290801.81
208760,311330.49379965663,208823.19
746424,416806.8189659938,715844.93
215626,252280.42409065738,213214.68
599841,244222.25083217025,612263.5
246541,229196.04384784028,254027.36
122858,107870.26533684507,141470.13
225214,309409.14933530614,228902.79
581267,453202.4825290516,573507.73
577904,500821.70193618536,576464.51
192032,243602.74482253194,192330.13
266619,212546.6105475314,271468.78
321365,377060.8065126799,309403.74
326113,290617.05979374796,320457.07
164769,426668.3117231317,232924.59
80779,49563.73903273791,77358.62
196235,343608.1583294086,196204.94
474164,354291.41918509454,490605.14
264568,305239.2822025493,265445.45
144956,199988.52602254972,145287.54
78652,48134.697205577046,77002.23
654186,407440.47998730466,646466.39
194251,255578.82814109325,198287.66
284501,224464.88371162862,291520.62
424992,343110.7231751159,426546.27
135039,151142.73033583537,145131.3
60084,30432.64294828102,61023.02
253130,314304.4335570298,273860.19
473105,395148.3188385628,464838.0
408519,394907.48281116784,430545.15
538073,428698.72721552476,523241.92
250917,314480.6883467771,255952.02
115579,140207.49996380508,122717.94
232658,162321.4945491776,230536.06
310377,273154.6111792326,333792.77
202193,338617.00772176683,204586.59
210958,200805.2782467939,209108.56
65725,65168.71440604702,67138.29
783266,794771.1570754051,793870.59
510867,477808.0805426799,518812.37
193764,256164.96844541654,191801.69
400317,532612.4792747535,381954.1565
682454,403248.58403613046,703410.14
253138,403028.04634718597,257441.87
454547,425424.16004867107,520066.83
263623,366179.4976856299,268585.15
158252,310000.9682259187,157332.16
440152,407707.00121917203,443493.25
468323,377008.5778034739,491602.64
70796,57976.67791092023,70895.92
193388,245027.07847340778,197995.19
130275,214774.66638069972,130452.27
290683,305924.7376530655,289343.75
161520,109360.18468609825,172942.89
137857,230984.72957138717,141051.16
362899,381207.1229174994,386842.13
158609,148311.36095317826,159999.74
374293,398884.2684965171,372403.86
124910,323117.0937503986,125549.44
206133,214129.19724651426,200429.99
247731,473377.11047822237,254398.38
191141,310352.66832977533,189420.4
262124,178594.73564312235,247731.57
193285,217764.6070597358,193735.18
134036,151802.99219987914,129946.42
249505,180577.88802993298,265421.38
203092,200212.80760217458,203184.05
202101,201047.65903731436,203140.25
486032,289938.1661463715,489764.58
254094,322099.5219176598,252052.69
111484,78943.80247149244,107718.16180952381
268338,439810.8049863316,281850.5
345869,277254.037717931,325003.41
832753,301352.83923546225,781498.45
408048,501220.04409588873,407200.95
718071,523257.68059675395,717280.38
454476,218045.9285750948,473699.76
221299,211074.35397015512,222561.85
352069,387413.0053876862,362697.48
210108,161345.69300450757,207473.91
423063,445075.51918730885,412902.74
383529,279022.4178642072,406163.8
321773,289965.13095225394,244322.45666666664
275403,220266.3598923087,265346.63
285833,388582.6533471979,291006.55
169491,118904.4725055471,169388.64
333002,417326.25601297244,337907.62
527115,469422.1171780601,517857.82
725991,520585.34004417807,714518.67
373762,411921.1879159771,371976.25
229497,363904.85237799585,232075.11
111439,112181.98041450232,114431.41
111194,115603.60224965587,113953.17
82883,218092.73556975275,80987.95
339898,240426.85856002197,352001.77
247676,337248.791058287,245993.39
463525,485716.64276736975,430282.38
102517,45979.32828421146,100772.02
974047,516064.5383892879,927706.79
201927,228871.715703208,182656.51
349363,285671.1816172078,346272.3
394918,296816.37553102896,368684.03
178226,138298.88636006042,187748.36
188933,231789.77020335197,190691.05
313280,295326.21701024845,305348.64
313753,266778.00536988676,310794.84
137629,70263.81131971255,151937.69
509498,484107.45576183125,509424.22
238453,215363.96808526665,243642.86
434521,177836.3064070195,422124.0
453351,442345.47644977644,444212.29
487049,466461.66139058024,528691.96
267690,362619.17345920205,286939.73
196011,176370.05845265463,192242.6
236037,285405.9963650964,232619.4
485291,398951.4555564709,494684.76
249309,328357.11267496273,248916.74
149701,193736.448350586,141190.22
205540,249977.18931300193,208696.8
165963,186579.60993295535,172000.93
290594,527296.2278830819,288197.01
220127,292672.85810640827,231133.22
74763,46798.50067534298,71491.78
427036,321536.6635351181,432564.13
164731,377417.75882092863,166768.57
183344,286118.2050219625,188961.45
483847,401471.98021824285,481102.82
212109,295338.60701612756,214018.28
244410,337360.7912394181,247027.01
327256,359201.7972274162,343881.63
736963,450088.75633410364,745387.23
120919,119456.30465280265,120515.17
301924,339420.34400494397,311910.42
299721,245031.1238897331,299753.12
420346,378314.7862246521,431104.64
301400,320706.6194914542,310897.94
592506,465919.54857996106,598652.79
136864,259669.92489197478,134616.19
165825,185850.48672787473,175357.01
290390,278031.07751036435,284665.75
98962,5607.8457511514425,117535.79
229195,340197.46260906756,233339.99
468164,203107.53749817237,449383.21
207741,260806.3154917732,205252.33
254952,195863.42080617696,257848.56
204974,392980.6806429811,208911.19
305692,415247.23449859023,300655.82
614424,457235.16914756596,607707.95
99677,97946.68155363202,98036.3
201935,269541.6666904576,190214.61
133662,191454.77776345238,132747.23
242921,208606.2329529822,246346.63
324518,394622.7256813608,321735.96
278181,310629.7891314849,280150.72
318371,323188.5486366488,296061.49
224778,149607.0085591823,224393.85
223175,289961.9014791995,239342.21666666665
301114,413759.3229303509,291143.26
770977,433668.39609216526,770342.91
279657,488376.1082594022,284232.92
196817,184298.60110512003,203444.65
272510,263319.06393557787,255314.34
261094,271409.8252050802,278122.69
478376,434009.57083103433,473683.67
253408,184911.70048382133,248951.78
226922,234993.25236109272,217039.25
326433,257775.85950726643,312959.81
124026,107003.15182137862,141872.91
425867,339168.84582798183,427345.09
189196,165278.96275413036,176347.01
166984,75721.20521375537,153487.53
136788,114250.64960044995,129483.38
175889,186004.98132805526,181010.9
224927,257642.91637043282,225201.72
328815,359219.1529242359,333417.12
173978,109465.69087648764,179129.3
259562,189170.2448402308,251347.8
223036,356673.1854361519,224217.48
143702,138535.7733873278,142015.04
187080,197743.65872772038,186195.14
106696,104973.09976416454,103527.92
375152,347318.2387727387,369215.54
448735,338766.494612474,431478.08
96820,230000.33804115653,105491.27
245040,193532.72848873213,247379.57
480902,474685.07926438376,478077.49
228005,365649.975691393,228479.13
755917,486458.4094673544,757492.36
243651,312584.9328256175,251005.6
243110,302684.61313728616,259672.91
244641,357107.8798523955,245123.71
309605,414011.29135423526,308305.32
523397,431892.6636618711,534716.26
165756,82299.31695736572,166193.79
120124,125352.44692613184,116976.49
75126,143011.75256354734,79542.68
128994,113961.35624846444,129893.33
402113,390859.0951814838,400255.44
258776,307885.75157528743,264462.99
197285,134033.40898302197,205146.09
228465,295271.79655937105,224885.3
153606,131185.13058254495,152711.92
429756,423371.9609335512,422634.99
444867,417482.24351566285,445115.73
532976,441022.4252704233,517227.84
217525,192523.60002771392,217503.07
335743,391033.16637990996,342575.07
297525,335026.48266145214,314666.47
140623,240360.54579405487,139241.47
516210,357115.6579047516,559995.09
241342,213654.26223546267,248504.36
485906,385581.88683393225,496163.26
728942,465523.4753795415,779845.39
174308,165873.18579638377,182291.06
235020,273589.2774459757,235038.91
516985,534751.6631314717,503958.73
317398,407202.00146258995,298451.4483333333
212264,220299.75785578787,215587.68
238188,328314.43110588565,240858.41
260233,306999.6233275719,259613.23
127679,337079.9497747794,130063.33
222754,276813.90726676956,226650.23
159642,130100.36239187047,162072.65
722627,527403.5389731899,675605.21
453365,450458.2684425898,450574.78
313346,421224.9546938464,325042.54
393946,490112.11508752406,398730.4
293277,271901.8579820134,290160.97
133265,333805.26409626007,133098.98
272609,304895.48102190346,273670.48
380185,415833.69743424654,356797.64
208885,189823.79956600443,212512.59
85242,5836.450642149895,94720.46
363507,453808.12161411345,366916.18
151841,154355.5293512754,149115.07
247602,354137.87542241067,238914.51
268663,308357.0054715909,269222.79
135047,169902.94325757027,137749.1
246980,243872.54902093112,248819.25
393128,404887.65264859796,398861.65
158760,38581.88109794259,149165.14
237428,230451.29488490894,240630.03
95918,137694.75633174926,88303.84
176913,217516.60157899559,186654.53
216463,141312.87770147622,211560.43
219026,296685.2886545919,220736.07
380159,437718.55713075027,389928.06
428806,386208.9400758147,412917.13
340673,352183.724360805,343795.45
469370,361813.1301785484,472722.68
234716,258852.7077929899,237879.08
227413,236696.68968602642,223939.37
262924,365229.40046774596,259350.93
174037,191471.0603762865,166919.02
845614,331511.4516488984,830014.07
363898,435863.0999805629,365793.19
429418,434876.5346952826,433392.31
645971,576159.1284628697,608891.61
498162,399795.58900579065,489872.77
301760,319846.69227611274,303811.72
220136,347312.3700641431,224995.57
242107,227761.70308782533,239851.31
284984,296027.4573973194,280887.31
195389,121373.7201083079,198216.54
344219,269330.22084017843,329444.32
122669,309596.19358479977,123251.96
317197,201154.642243281,313970.07
1335351,388561.838431336,1316228.82
59514,193024.49508131295,59034.79
162290,72150.80032804608,155256.14
252344,387216.8908294402,261608.75
349603,337056.69398312643,346813.28
264412,317980.6147729121,250617.59
141824,264040.5899933353,144489.64
216699,257159.8858251311,214308.8
184884,393637.6292399876,428955.79
321415,252137.39528895915,311865.32
396608,404734.4927096665,396660.79
313126,432893.7963466123,356746.92
141335,82022.55298551917,142556.74
188469,281102.54270321503,198895.14
146049,182238.26307487115,161701.1
154960,215904.83165771887,155657.71
394381,367562.66368376836,398607.77
483395,380227.3505382389,509018.03
118194,259695.84543146566,116309.86
226810,343872.83575544134,229360.5
176279,196504.02608428523,171909.83
122781,166142.46015037596,127248.34
274815,280690.5485717654,273032.34
245088,209423.86415962875,247749.37
456422,485723.1017134823,403045.38333333336
266183,329593.0812813714,287525.53
541346,406573.0649032369,532893.2
533793,435123.04351440445,526389.08
465051,407853.8135523498,445754.72
385629,360472.1657064259,384090.66
347565,303303.0224819258,370069.49
503721,468289.0704751685,522802.97
328389,410778.92542785034,341482.64
261460,303757.65530066565,264713.63
152688,219261.44378757477,162037.14
352516,142519.65758604556,371936.07
291275,406590.1700020358,292165.86
291192,407550.09251283854,290875.34
390499,493727.7762426771,398812.06
1344464,362344.6695251167,1285826.96
150663,208720.88481153175,150504.47
140443,161516.88585237414,142174.99
282892,412688.2371485047,315272.27
251549,130018.89685914665,238525.35
319143,226488.08929659426,298474.97
504619,356785.75408144295,493472.67
167590,283812.1697176099,165705.92
128840,355042.6899341978,127761.89
273452,325961.3508637175,303159.93
236211,344169.04655191675,229063.13
374745,395237.1902842745,357360.21
132160,145382.96803043783,139180.47
380976,324958.64840472117,382011.26
179668,302351.4036113247,179022.44
318437,415938.9569649473,315255.05
776509,677976.0135736912,754296.7033333333
227851,169965.12161333486,240139.7
118370,34733.92015842348,116815.67
247630,317763.77060358226,251413.39
191720,225922.90529451892,195212.23
187426,231077.6713945605,190933.4
145116,156829.30571196973,143771.25
231632,295646.79572876915,232122.10759523814
285816,249302.68915786594,268116.5
209016,151559.89594985545,215492.54
281609,288088.02597510815,293216.28
641172,473638.85595813394,648372.0
266686,205513.87507629022,264459.12
410966,321264.7747878581,407338.39
187387,259149.06892052293,192455.49
215233,352655.29913046584,216624.55
491493,395703.558808092,488443.97
289911,138616.89437935874,270161.83
163947,188240.0199056454,174742.37
475530,447937.1152964458,470708.62
166865,312078.4926417768,166016.18
437028,377543.0960367769,450504.17
107284,85687.98442593217,105832.92
274299,267288.64509381726,258075.9
720064,471427.0343253128,765390.74
152595,171708.70678615198,157827.38
130826,191256.16517052427,132848.78
223951,274752.1031598486,222242.71
240260,290289.04690775275,253716.39
393294,359033.19359503314,388680.53
136418,244258.51977232844,136664.76
189132,133383.57490694523,196968.96
314051,325291.5963586159,313198.69
607614,505674.2130567767,603164.53
280501,232287.71255047992,299845.34
296041,302311.29919928685,285260.38
172955,306593.3164700344,174446.46
218947,307481.67448152974,221374.09
410397,455055.74034163356,403555.68
75939,74260.56105839089,80921.23
230185,218321.78792868927,233442.93
477958,231316.8105986938,504031.08
370139,312943.75217585266,354187.38
193666,248097.74972528964,200892.57
278128,196211.16513842344,271643.28
77026,91592.93360302597,81199.61
293678,325044.78720256686,299646.2
351132,295587.6738490984,321094.74
235364,157148.02484925836,235205.32
260893,187571.9967821613,250679.47
400387,437285.6618534513,362574.79
414254,445819.6744402312,413864.01
336843,364756.69766808674,357163.62
259868,268753.69158473983,275083.08
301769,333685.60106895864,302114.2
572398,465167.59148367494,555364.64
270345,264647.2318867259,263559.91
115161,274450.87596492097,115596.75
713365,524025.650492616,710425.12
181787,171612.54145270959,206867.23
117137,259552.13388048857,116154.2
430231,422201.3594234325,443645.14
181826,195532.19405415282,204746.42
228020,353081.8631729074,221446.69
462278,409806.7726566456,463320.19
310984,292134.03411379457,311488.7
445612,361675.0647637099,473913.24
525723,641771.0810187496,566434.0633333334
545516,502956.139525827,541532.05
663613,411594.89721573144,648586.27
133089,205742.47607352585,132265.98
410743,355557.69196486846,401535.25
315069,388292.77839077264,325912.55
220346,296548.3882324062,221114.51
347870,285199.36367378384,335969.23
153740,130022.88403929397,142215.23
235926,240198.24734859914,237790.74
249164,259250.2938901037,252809.74
128130,292163.9119925052,133014.5
320239,449398.9386514686,310849.17
203051,155639.00825532898,214358.37
925955,684596.0945827104,950304.49
54612,196241.05024482682,55770.21
70211,202036.87495825067,74008.11
187768,198412.8587587215,187813.09
228971,293560.11053936556,225687.39
448991,390794.6307189092,494188.64
1394421,418251.10440321267,1356922.25
309377,402911.5502463095,318400.21
432272,402004.3068340905,433949.89
272416,317500.29152239114,299876.99
150038,293960.70875513554,149551.96
553908,430361.90583922714,520211.08
121970,159202.6559169367,141588.42
246706,211963.4007953517,247670.98
439009,431042.748640541,431837.78
290221,371435.6595913395,297976.61
337626,412520.2156264074,384524.21
226229,252536.63351088762,233198.58
246955,413366.0905551426,242605.65
411017,417354.01838074625,417662.67
173738,289955.442533087,235171.28333333333
328421,216133.72797532007,315588.88
130619,168274.71427155286,137825.16
166798,326655.8657733537,157386.53
383888,392893.65309935436,373860.7
245870,293027.14446495473,247720.06
417893,425337.0452484563,417752.27
203088,208063.3501048498,205959.19
52419,12692.941473282874,55162.09
150552,105880.52424256876,141066.34
113298,68678.56432204321,119359.72
817464,555801.6796368435,853683.73
170565,204037.95587099716,183294.91
134008,290859.2048779838,134425.48
668546,307056.5038991049,645961.26
211745,311676.20465176925,208140.35
80698,71626.92578143626,78516.82
652264,549900.5211787783,649361.94
157757,74676.16709333658,155284.41
468584,394996.61102251336,440227.41
289574,366758.124198135,324628.28
278967,421507.3124435395,272136.06
131743,41496.63407468051,129548.26
859065,328484.24281493574,843820.66
219804,216221.01570593193,232349.44
139668,275755.6313243918,142840.81
294295,280902.2553108558,295903.38
336604,292266.7084840536,318116.47
535060,436693.9913671091,537948.29
235653,236366.33409067616,231143.71
264492,433769.96243071184,285679.65
315289,362980.57870260626,322628.54
273061,323338.5439470932,268383.15
355830,406452.2226859741,378371.12
215853,236543.15832907706,220272.05
233852,216354.06419242918,235159.37
257539,314921.92870727926,255616.59
178555,127772.10616802052,180692.75
77357,204670.51023520157,73052.88
158905,154056.63667618483,145500.29
189793,173928.47887182236,187288.88
190916,276810.39078967646,201199.4
267393,363404.0412030369,274918.8
410459,459324.51687646285,398369.51
762769,437579.4294470027,758811.55
332255,356275.7545585036,337985.86
145626,110320.19388503954,143582.11
200825,233221.1861762181,202295.19
402928,491675.77633686736,398552.29
245600,215181.5973546356,243697.02
184354,149884.85086033866,182643.03
312911,355232.3547669351,284721.13
469516,413853.84936922416,485774.75
466114,364932.26483179256,454803.87
105135,99052.12024464458,105302.11
200628,423661.87018213794,341373.08
295522,444810.0897096805,305845.59
164204,246660.3086686246,164569.29
322278,369902.9007679373,330734.03
272482,302043.4608578719,271154.04
117832,125481.62584836036,113617.5
350783,343782.3917232156,351548.37
160895,317173.7132784985,163128.81
128570,325659.9977347888,130292.06
204325,218972.51898488775,200932.81
323469,356114.9476764016,312795.63
178412,232955.5774594769,178307.64
397353,142598.7796759084,385626.49
351142,348143.09757550433,336898.63
61271,33040.44244078919,58641.62
288680,141859.67598149553,273386.35
190795,318941.9872364104,191553.3
284029,504755.1258009076,286167.1
371040,474962.4136551544,369869.84
418403,319853.49506250024,418352.81
242238,173676.90629757196,244260.98
220454,329483.56055925414,219067.71
1122471,365448.07855363935,1114284.08
258846,314741.06264382973,253912.39
373092,300235.66890544444,369771.27
228926,236485.42018170282,233995.06
472397,503128.3580725603,434191.405
258061,214350.06561297178,261221.17
322226,439551.57866256684,321066.33
359625,345275.5708905533,345917.52
271151,371966.1524400152,269051.87
172572,174080.1349974908,176320.7
126997,231800.91272080317,129245.73
667866,542529.247780446,656438.52
364624,445621.02195517346,367777.78
196204,330324.80033626035,193010.61
272049,344697.36610400304,272663.64
484647,290587.311997395,486046.11
147674,132104.6265442483,140359.83
116408,97043.74106356129,111715.38
262006,258848.27498617023,272938.01
142690,158777.75854493305,136829.58
566764,415079.8068161905,572045.3
168871,283440.7803162001,168401.15
147483,108842.70996203646,143569.13
249620,384536.8895720728,253191.55
979436,537079.6633793786,840725.83
426693,343704.9462173693,425092.55
292515,305598.1017127,294143.06
257111,212685.0344262533,257923.36
266373,180451.93858075887,261317.13
531315,493642.69864312187,516884.91
260017,303978.0001655519,256389.25
111665,201259.48014590144,98525.67
504332,511109.62754604593,502267.8
460121,415807.71256972477,391715.51
219389,140772.38793986663,211648.62
129642,326331.72813038155,130933.59
241601,321990.501274731,251817.3
200784,131183.46629958972,199556.14
1344311,425786.8208741434,1365531.95
309910,272924.7658355534,328576.38
379542,467949.0250882171,391228.42
123808,162991.2301628478,132364.01
137121,146003.7118549645,139763.07
431644,419826.9724057801,435780.92
277577,364002.75666218996,271033.2
353110,302476.9232061282,350718.56
261903,261959.76416344568,267215.87
279484,400099.49587392434,270986.97
163631,400997.66291029006,164844.39
185613,201809.04984134063,206377.58
335900,423473.15293776616,337973.61
262106,170131.5457305573,242234.15
122775,128410.20030319318,123142.03
429859,336510.7560840845,437508.67
437382,440696.74343675,448543.99
846354,545345.9037865847,855737.55
206206,242438.80271071196,214655.47
435061,403048.4677433558,431391.79
268249,225527.25725587457,277388.6
164849,74415.1052925624,160413.09
447423,434425.4092007838,418530.37
574962,459113.03756161034,562293.6
605763,385936.2923292555,599694.12
486068,467252.6440028101,485287.66
203917,315472.08671426773,203942.78
166075,157199.4761199765,161490.87
419732,329401.73344320804,415834.7
178969,245762.14537704363,179183.7
121318,139094.94649610296,122064.18
166303,91148.07313008606,164974.93
261645,348596.76596169174,276939.402
365400,499251.7968604639,376221.75
200544,326495.74645999447,212556.22
170834,112143.56386370584,179836.29
547196,475627.97557733953,538311.11
639200,438047.8416447453,647935.71
200141,183259.91361474246,198433.61
337575,364909.58321155235,337968.09
213422,321953.5894091837,210336.61
635376,520887.11657781154,623136.38
189355,196070.61641921476,188195.63
309069,320470.2386191152,308668.38
457791,443823.90561731905,438746.71
285106,368518.94246022403,275688.61
315910,440623.36691781133,337096.0
154459,172034.88356478512,157750.77
276014,329764.37851620466,284816.44
454415,659635.4238658138,441724.76
223029,321452.0582555011,222008.86
143597,199181.1577586122,146247.28
136369,260812.33926092833,136187.23
288682,325431.74169244245,280978.88
365096,509374.26716476306,366244.7
298161,338771.65895209834,299031.07
524989,477111.4000629261,512840.95
165737,131561.43593125045,171396.4
402955,396056.65853061527,393795.31
206847,203786.0900860317,205055.52
201181,133418.26165416092,200622.77
412002,372834.4977364242,430194.56
388829,461727.11235451326,397724.27
467441,210939.043457184,488924.22
258052,219499.59832799435,264763.18
251256,362051.7779580988,252864.56
361371,353049.71726762876,354281.9
269258,282678.4718024321,284166.68
75471,49193.964367859066,78621.99
138920,240773.91834518686,139093.07
381661,357303.33906823397,386413.41
479104,446053.0638528988,493469.71
157934,377571.60947069526,156726.08
497972,397436.23640295863,490161.6
452703,384313.91172422096,460239.78
114531,294501.53381659463,117036.58
542518,641754.9336534701,519241.9816666668
155811,133741.25850616023,139634.34
231968,316963.5761863403,235992.25
155381,93565.23830909654,151788.37
221244,242801.64945015684,226333.26
615401,655602.7971065454,541999.18
550406,434570.336161077,550524.5
416508,444430.8111408837,410066.78
394045,439427.4205465913,362621.99
177761,184319.59267998114,203444.65
181834,137770.9013276659,170862.37
145983,260365.0553008616,146879.51
547387,447938.4376475625,559593.25
208915,239816.50810708478,219794.66
189338,212992.7609605007,193582.1
773678,410732.7644064948,720573.1
270118,326694.21001775935,272916.9
444390,363482.02023886144,465630.91
142354,171201.939152658,134838.41
295700,310243.10811132565,296391.86
119312,113601.39912296087,121567.86
221817,362742.9376593828,221953.83
465625,633596.2368424796,459736.62
198110,341470.2471665107,198001.29
222759,291533.6976473704,222678.56
515433,417473.37701268494,516172.14
362586,351605.2864680998,364061.56
305955,282196.5376425944,288538.11
224958,342523.02285623923,244838.31
134038,48239.7738150619,131766.1
112868,273286.65092832595,119410.88
384181,429696.23090297356,402127.62
125676,117411.89087792113,130862.08
286200,277031.31943256035,300176.77
189827,220230.81315357983,189546.74
537718,450195.6940273456,545114.21
139138,274563.95576682314,142716.3
435182,435766.5581090264,432683.2
231760,323787.6993189603,241591.13
365271,337086.71846790984,346159.89
150427,70118.48503220454,147817.96
190430,261561.04137054458,193855.3
240255,308715.2779128738,234753.1
178154,205799.47622270137,194696.55
666572,409741.1480598226,744451.91
356721,371827.81136298925,347840.44
158683,287771.5036839433,167489.86
620501,442207.42954609916,617247.65
364192,357677.8991413191,388745.82
190514,219765.2656177655,192046.25
510930,441798.74719244614,482702.53
386739,457950.90405804664,389990.77
517613,412888.40485208854,507105.33
168657,225084.3037711382,165819.28
320831,288432.8031915799,326370.22
232706,283137.0948655531,237928.65
268475,391229.73848099634,263627.26
410452,511127.9784514122,402402.33
411194,418537.13408374414,401678.06
218550,244926.92124581337,217110.32
304246,345230.1646731235,301666.54
432669,333872.07717267424,429524.48
251283,193012.21825375408,249245.73
116809,243512.60535702854,116266.49
199033,226091.62254821882,193625.17
211684,212769.83387273923,213976.7
242081,325139.10677053407,252880.32
151545,199596.18174820766,152198.92
65928,61272.35516430065,69791.46
362204,295667.78730363026,321114.92333333334
729044,526514.3400652483,717491.14
281981,343886.74340420216,282026.93
363241,446923.7896011509,375351.84
427747,293243.24513145164,451085.54
231020,187682.47212107852,233714.14
340893,433590.7213732824,344737.97
124696,324102.0830323994,125395.46
450582,399830.4038561918,426570.58
1304186,428696.68493147194,1366675.08
116274,272731.18156274036,117889.27
440996,429890.6952963099,443424.31
186667,200628.63527889922,187756.16
179563,242224.1651294455,177377.03
278025,319947.44017375633,275073.09
178400,106077.28351186961,162247.83
814185,501915.2431211807,728501.28
358497,265025.6727453582,339078.3
135431,113286.65189331025,130343.96
112205,115331.52276322246,109978.25
290114,348058.5762293972,296954.82
248562,330388.8345257491,248733.85
224661,327254.5785366483,222834.19
235728,283379.255266197,232472.02
154547,378745.5229264572,151682.4
94454,192080.78240659088,94155.39
443294,406286.6559992358,443623.32
485266,431752.3530344404,478803.54
207820,150287.9974805601,207051.39
327955,334856.3801015541,324842.69
149153,143217.68332207575,154626.23
446384,652006.9900711551,447372.37
323951,435879.6677981913,322943.62
182500,157964.0680673048,188033.54
639371,527927.7032029666,640140.96
338070,305387.51639641076,365290.67
233753,273336.65129420534,223457.98
88015,60188.32032941282,95154.3
155680,296355.85602466017,155348.15
91058,76662.33250300214,88865.21
213290,373617.6781229563,209687.6
227636,314091.3709344156,226800.43
354131,348122.0146922767,372580.07
203346,243586.17994860932,197980.33
147919,156156.54768792912,139489.41
177730,92228.37650940195,177496.02
381501,358180.44339214265,379690.3
230061,164842.72472856566,235112.5
374054,382711.02803190425,378727.4
244203,215954.96165446937,240919.34
452104,210059.2724410817,450758.8
360266,308172.29767438024,366614.27
211719,141783.2130063139,214905.73
123620,229009.70642168447,122911.1
266792,199179.56611573696,273875.58
174935,206391.1630033292,173444.84
436152,422218.39720355347,435316.17
188781,214484.41306712478,189059.7
316809,213486.67045046017,315075.51
194104,308193.7655920163,191531.26
214614,323713.71385668963,218742.44
224284,179685.93995160982,241051.14
157914,206149.2946233563,171064.49
176943,303037.66663566604,178738.34
292585,364085.5018254854,306881.73
292381,383118.08008620143,296176.27
214762,124548.86376075447,218258.55
266247,286210.5723443702,270073.38
197597,166160.83733061329,202301.82
304944,323813.404161118,299994.83
213431,231196.55481897667,223115.05
95877,98014.50048780069,89293.91
208928,125734.08037221059,215290.2
650452,517566.88304692507,672831.04
581939,429401.4403967634,498882.09
653025,403208.7696382366,644127.1
223346,310413.43398597836,219225.37
225689,379412.11420031637,219756.29
298366,297250.80246417597,297698.66
245444,290046.45503028855,253975.55
494428,409509.44350830093,499626.65
192486,271365.44687252864,184335.78
143832,122602.29365742952,139279.99
272336,321202.6757368408,257529.27
219045,277707.14770490304,221487.78
101633,177595.81026211753,119208.64
409634,415263.666931577,406761.65
511926,472348.3995373249,523628.29
288103,304032.64702350274,294283.93
124038,355184.7867486514,128921.77
270666,322778.57766279206,272933.92
224713,294754.84054617956,221061.65
307257,261397.715672113,310451.77
111829,116668.42361339554,113775.68
225055,270842.1426682286,222311.2
129605,138618.12495024875,140855.83
81726,142939.08941979334,78498.61
508908,495818.17074491456,518609.3
603876,411464.2097883187,560894.16
303709,371173.76734575257,296523.19
272731,377088.2483744286,290513.34
163081,154993.08104425296,141250.09
482905,435945.30970684066,469144.9
224728,214319.58604391292,232530.81
110941,125408.96270460635,121698.86
780638,473976.25938020274,784600.75
202550,304537.7401448265,205067.71
132554,112619.51019380614,130516.45
398304,364353.9270170517,390939.15
373699,345895.6014746316,367467.23
253429,302284.4630055092,248085.19
237099,172717.79477498308,221317.64
368899,403378.99317700043,365310.96
116622,259125.8434371315,116319.71
80150,143011.75256354734,79542.68
286499,397450.99495264515,291877.83
195707,432681.1948051192,451087.21
121650,243579.19281890616,123243.15
485738,336352.45448324457,469411.91
282334,258069.76095916703,283475.78
144148,138542.23233344033,144624.21
251056,259303.50610210747,265843.7
371697,375110.98950029165,371287.3
167642,200967.6209787801,169017.49
325284,212604.86707109585,326185.85
195174,172927.1741059795,192642.64
316027,258682.7037447542,308286.65
222170,243345.7688313201,217023.99
281241,322760.68787963316,291176.39
194401,204163.82327421382,183822.2
120275,195701.51660805568,124922.55
115879,284.05941876769066,109501.48
278213,387581.0541378185,295955.15
107601,50815.46418517828,97063.12
275435,384884.57997787,288655.75
305126,377076.94521873444,285890.0233333334
398862,508514.96586196497,426882.98
384930,393460.4256206341,378090.47
212138,262696.96376387775,225300.0
355958,304577.83428748325,369039.43
146877,199324.14272976294,147071.21
300702,411635.98117578775,300045.2
126239,58887.66923312843,126313.96
143839,178379.83389585093,144632.84
114231,139923.44954693317,119757.23
290239,412744.69386730343,295590.67
239620,238168.17441958562,231563.86
424286,415149.82683632895,413531.45
294524,242970.5084279701,308593.15
429700,277580.6855478361,416679.13
350119,326709.05062790215,351837.38
253615,196009.96774150804,249369.42
157709,294461.7700774707,161911.08
127714,132474.81849752367,139614.17
211791,185342.61005808786,218352.45
498192,427309.3461823538,487131.45
231248,345631.9167948924,228572.26
432566,629023.4167915955,455293.03
162401,317189.860643778,163311.17
185428,392178.1239383966,193768.58
128846,395071.88738338277,126847.33
414544,423939.5663931556,415983.93
171680,166990.50309664384,178710.79
240489,331573.6678384803,239678.64
223084,343742.9794915728,229614.02
225332,160641.63248652592,232570.95
265231,330450.5123487823,249449.53
140028,131503.49462821335,143655.74
243281,339659.0369322449,248623.98
579970,474035.83889294416,586555.29
208926,267431.3654743172,198919.5
319712,438305.00206305087,319589.02
385851,439019.5473159589,392256.15
208052,208217.6293514967,212711.85
183685,289607.0775264427,191564.57
122940,180606.73626247048,108322.43
339717,318184.7055050656,346364.79
342833,362509.84563230723,353497.82
380410,310094.3259747736,373019.16
214977,376592.40257805586,210745.1
237395,234716.68540037423,231290.84
319876,356976.12934947386,322699.13
306591,201182.22823258117,313970.07
462762,639084.3912121989,457750.23
211896,330798.5054416731,219625.41
219582,265355.8346831165,215305.02
540675,233336.92217893153,528868.2
383043,463908.5309910849,383219.16
152217,314601.35259382054,152493.66
63474,38654.479366797954,60841.34
811694,794755.0097101256,791492.6
208081,206403.23470040783,212220.63
142228,106539.72243788093,141931.97
301064,175514.88976011053,297659.85
302606,414103.81456751004,295080.11
420388,393984.63367696106,454543.35
207162,190907.84297148138,208899.5
505330,510675.6066685505,516204.76
677798,552419.3371762931,644473.88
348785,326435.3739348054,347126.85
245145,173293.25457876176,244879.47
297676,292985.45303815603,296207.46
818880,585651.0774631128,828288.47
181194,140123.47935209796,191428.72
358560,394551.9875134751,361751.14
146140,262417.77978282794,148209.38
207072,315098.6544045247,204452.61
81269,-395597.05187868327,78938.77
326504,408424.72043049335,303654.79
316462,323293.91291594505,295983.22
230537,176580.7474477999,230544.54
356979,320913.9005899541,355216.4
132120,169042.28868821636,138374.96
150349,367101.1225090921,151049.62
211578,213475.76643889397,213215.73
657558,461944.0282423459,628742.64
325381,364984.27198090777,322980.61
404082,497022.64961889386,405852.71
225865,258715.10142493993,225981.16
265477,205087.81838055328,263291.0
117007,140142.91050269082,122717.94
646021,515693.65443625674,643820.22
412659,178068.96393536404,416792.04
295600,415289.1876760684,301175.24
822508,306784.47782670334,781659.64
340786,392951.1781668365,357737.13
180356,126428.64537683502,181034.15
296424,411872.5680236928,293359.82
186702,186068.02645631507,190136.69
549346,426486.7958353944,556018.07
248637,247048.85414088145,243971.28
310125,297585.0661055371,304606.44
273097,372960.830141183,273421.78
205044,239909.71870072559,208479.46
173721,251382.6098330319,180455.19
301816,413961.4351949431,314316.23
155263,282098.9602885358,152910.31
524612,409748.4353978336,502205.03
423993,440132.8048177399,447609.39
844014,346716.74482892826,916709.67
294346,311371.80894430354,293943.27
290261,313210.9938495457,287185.77
362033,447011.9762397669,355228.73
365296,447118.3435385488,366023.63
276025,330156.49943923205,282882.4
614052,438715.7017799802,614512.09
347492,298003.319694791,315537.26
966625,662684.2287513576,1001583.71
157962,172385.28139133006,158197.99
441468,375752.5274668373,419437.69
651476,457128.99610112235,685745.78
128330,355743.4855872914,126923.42
60958,79187.26936021447,62283.74
348665,286334.5234528743,318401.46
217700,178628.64511020854,247420.57
313802,354201.9847435914,289246.84
241685,207530.3888895288,232612.08
533715,428798.44870371,531262.96
429689,580802.7597277984,420370.59
529292,429026.5187306814,520224.42
393860,433499.04381909594,416487.22
129790,261635.05924639106,132263.5
127472,197051.45456904545,128308.5
365262,521218.80581652373,372921.28
525075,514944.3204894252,515888.18
490757,396690.73735016584,488903.76
141339,124522.21538906544,140405.48
456330,208431.82365718484,448386.17
248309,211270.9279947318,257414.89
432142,634637.5314938985,432467.94
305649,320900.61367321014,306652.37
288396,333394.59884690866,293424.41
442606,418050.74869094416,443923.57
136462,233849.2721718289,136617.95
315323,300039.8265205622,311801.97
561530,399105.31546924263,580569.96
162823,331059.1982134953,159764.98
489318,427933.14076137915,469656.3
195107,405181.3488328904,192155.82
234642,228228.36194437742,239089.88
216749,203286.72720245644,215829.89
396258,497006.7731902711,405092.36
86723,97865.94472723827,95353.9
357293,319199.12056522444,359035.49
210448,176638.3284187317,199614.9
122873,229880.04941020533,121234.55
154014,220154.5612060465,161451.61
157601,158581.22145407647,135162.96
252970,398147.12456326187,259410.78
602060,466622.6580780484,598333.63
204087,278463.24037398025,208893.61
160950,401480.46913212165,162941.49
228401,231402.93395816907,233746.02
246416,289464.46165520325,250747.46
392765,406370.9011580944,359659.69
763041,414631.42174242437,715747.56
255746,346255.62746713683,251245.09
242823,274093.5092565194,224225.75
411567,359487.96876116097,399214.39
155724,264000.2217030041,159318.65
244935,194909.74675907567,246819.51
986768,577874.4438087307,1003154.22
386133,316455.97552714497,414880.57
118344,132821.27110076323,124649.63
398208,423971.25881187245,395833.18
213806,187512.0520533733,212754.67
186260,214047.13002358377,187549.82
101218,133323.80793732777,113829.21
238119,323278.8445043713,255853.96
189653,247545.9314235896,189849.08
186841,287463.1994984038,193289.02
64596,52750.419517070055,65067.88
324344,341504.9838960953,303143.5
413641,424636.3524134606,415126.62
434143,624508.5856768377,446403.42
261282,367228.13703723624,261165.97
331670,355661.86475459486,338041.02
154413,75177.83004701138,156160.8
501662,415434.8063578084,526738.74
212541,351436.93633142114,211317.06
499207,655604.4118430726,534685.03
582285,473948.3351899944,583341.91
295461,305935.95570041984,297728.96
440620,422363.78135452047,439270.33
207691,287675.8526391089,201075.38
303349,351571.2326471992,320597.82
140128,133802.61849422008,139634.34
440746,212560.56428487226,492782.43
142592,201945.6233962588,139226.88
215626,195277.86760930717,204684.08
160571,262485.59883986413,159460.34
476545,496437.96837531775,474978.88
145652,172336.465123754,140903.78
287136,236956.50571511686,285178.62
295824,395392.1693230495,297151.99
238377,239284.46093785763,237599.03
504555,231889.4746847488,517826.43
505472,391133.56297019497,509419.27
317365,245389.70472915098,311501.16
144486,228153.82525048777,144531.57
505391,429923.04459964484,510820.05
395213,419662.176577799,396493.27
251699,236628.01405106112,245342.14
121647,139894.24107739702,122859.65
318995,338149.4894727096,326731.91
350965,402751.06225158647,352460.15
656781,463461.53947402164,622690.93
165304,375945.200158786,167569.62000000002
218855,215240.87063351274,232827.08
243354,189390.79728632048,253431.71
490878,379015.36508650705,494206.96
196166,331322.7075104825,194617.34
467455,373692.876939103,459364.16
426583,343490.1862591654,425294.43
195928,341189.2830106616,198417.3
174119,184330.8958356753,203444.65
284541,341102.9376301542,292148.56
