Actual Price,Predicted Price (Linear Regression)
295486,286188.5896438882
827363,554913.9483012706
239079,268199.5426520407
236766,307929.2098361552
160889,320707.6360781118
774019,456588.58123046905
229089,167495.42505329475
241406,319578.0811908059
360542,285450.76463944465
145968,226691.03635311127
520571,412458.7381028384
343255,389109.97400426865
265721,274385.3227618784
271941,314314.1219762005
326444,341579.6814244203
195776,269198.846468769
187800,255735.11436302587
464277,485736.01960570365
97392,213182.32178850472
224940,313532.7828576863
303569,334925.6267876774
502091,532946.0514561906
233889,292551.4315985553
200148,247167.89977166057
196812,401017.4743607901
354093,348870.0972825885
558630,455405.6012102552
393831,388918.33914282545
220041,323949.8809994124
200657,288264.4858552292
316021,318658.5999099314
345831,245338.54110588506
200256,325901.772587575
285936,494309.68074097857
403432,305125.732128866
464488,656725.2888718322
452345,645222.775179565
336380,338098.9016504437
544979,496549.57382650673
273218,290832.5731895864
489291,233944.22034855932
470972,376138.483984787
374420,348817.41630544513
179637,196178.50488047674
437667,393720.3369928822
402847,426024.3311997391
505619,570452.1131112054
93021,114947.21546959132
178189,260780.83461316675
295744,363666.4413305223
455466,210872.5904280506
150800,140386.68130136654
309873,319912.0659878403
323825,346212.3991891183
233262,235824.16725547612
193773,264776.28128817305
221052,339686.71663235873
172207,170783.30048581213
49045,67764.70884590223
347970,341866.9081809744
243468,290105.4343385957
474551,495675.8127341643
476525,457344.97693748027
253418,346914.7268749513
524987,488242.2819192223
74391,57724.77901257202
294673,284154.9372792691
213655,138629.34769470617
387491,445442.53178111836
236110,343251.53017669916
512942,362506.9280827977
248371,169073.7847802788
262197,314273.75356300175
183099,374841.34477587044
139920,195040.72572007403
221298,228498.34766615555
214973,209849.9228599891
181152,147709.40977403894
212026,351205.54073060676
278474,326475.4360129945
222620,298518.2555353381
1278113,423674.26290683076
137528,158997.58437789604
314304,340073.80307564884
651931,408845.25299699605
190624,224050.64010550082
318928,336021.13186264783
270717,366652.19546481967
327602,365396.66603940725
262231,346867.0867056735
470262,404826.6633539945
571661,414185.2427797504
1353679,400216.31952917203
122055,340155.639275372
273054,269006.41796221957
256851,338547.5501004122
167692,260202.907551419
374524,401425.6908054203
243308,248422.24741659313
412835,368786.8807535581
196575,120492.31225051731
476731,423360.38714852557
157679,139654.19819016755
280702,236563.97838710248
307992,323308.94543510675
300381,253047.3498179391
138349,221118.74074536934
532804,495693.21928073466
240654,159612.69172020257
159465,156608.59625228494
414376,207964.0480654277
190077,341288.00966754556
647853,521302.09035218135
207346,241397.99792633578
420665,503126.7433360331
150751,147744.21708802134
256883,348897.45376301557
215135,233786.7369438894
247282,360780.3371965699
325064,342798.97326187417
130979,325219.17466268316
473268,446715.93935161456
256550,170075.02995208278
955882,518556.0393341556
153615,72565.06115423888
163173,327571.3673132993
113776,113707.70079714432
509710,484222.3729919642
206050,239506.61144705862
594354,498387.1768945493
127515,250843.38827341422
199538,224114.6053540036
145425,158393.98540747538
246648,308815.9358210303
206729,215609.58309102058
579471,473869.2131001279
223091,311696.8310603313
137946,169349.08862851188
135770,154358.07159676775
247109,247810.52930156514
327108,363443.08585722744
215136,283580.851915285
501293,403624.84943863377
125088,210137.8368910253
89206,190264.20381274074
314580,299615.8161986321
305560,344321.52532166615
143522,268580.82776004076
454499,388672.2488640994
159886,84296.68693844229
129295,239450.31151714548
287320,409621.799478095
210994,214198.64472223073
246459,310252.1008404866
354994,329112.5429903008
243568,332998.92459370196
518470,412465.0620617159
264013,322655.9504449591
127100,251797.69756138325
474810,356974.27185022086
193713,280701.98748809844
433901,372747.07066880167
263774,265396.1282207966
330066,399384.1313134134
216195,349890.0187377222
345727,404377.64996233955
72055,201705.8539700359
218803,206656.1252270043
152152,266325.442303136
241226,240331.33109257743
330422,293715.4525032602
342616,453843.4994659871
411591,443925.0688912682
404447,445979.4584212564
223024,158069.3947152607
376014,449088.8745351359
109413,226281.59981747344
169461,381687.94250415266
856070,522198.7332650237
328431,313824.9575644061
239175,175708.43146247417
343102,317919.8778310828
195498,403491.2507214844
216988,298683.7613834478
546512,450486.22201744094
165383,423115.24444741383
144534,70204.06606818363
311769,360011.6180340983
262861,399328.7029099986
520123,413114.7497860566
306942,302765.2042087279
156059,214820.48534367606
82386,143032.74413841218
373122,449236.8567179814
252877,251035.52140716836
426557,396678.843207147
176489,267023.0057814233
363224,363445.0816688314
200844,267973.64693753794
710090,540456.9615586512
295844,299124.0833398104
322834,434771.9585400745
213997,239729.97879281268
439595,418466.6032867916
225765,302556.89496112615
808270,273106.0566315055
166896,123096.22203581408
399480,388069.53443719074
98810,131489.79106228426
223135,206575.65882225707
509025,484721.61928255484
263672,349248.6720829047
368133,410067.174554728
130411,109892.28870515153
863878,332371.73246349767
210206,326292.7117600776
187235,348812.6377735175
222308,305932.1059333272
130144,132904.3127052337
145402,145323.22277890518
54746,81541.55521784723
173905,192888.98893313855
342013,322870.7621594593
227626,158451.1607608907
113914,131526.93000242487
802129,794759.853919711
411087,449763.27346228436
204067,273961.9623706527
277733,363635.0978658423
312586,336072.33359184116
469890,404785.40382261947
328022,387458.46882894635
219335,321313.4082909487
122481,324707.6092303507
457769,404912.5711323656
162771,234656.78098165616
177232,216584.6631560959
518699,549656.3722681738
206043,265096.3485474214
433857,356261.47880459204
374181,306485.58076900616
248541,245813.80810007453
108535,199307.26368371025
188251,233419.03935997188
141105,106291.05301258713
365319,398247.2277277447
770240,311508.6421093419
361012,400053.58907528967
275710,295483.8772071339
598430,309593.2174667567
145380,93410.22360242158
178888,164970.54807730764
387178,503131.5875456147
288719,333181.57821014896
196797,207337.83766388148
372628,350502.59586682916
161927,237276.11704888195
256614,227991.45039805025
188839,179883.72457507625
477486,401058.0549103841
394813,402584.4734525569
429921,390312.086220596
294574,403239.0711004101
137765,123181.34449199587
818816,324036.9596976973
156730,10196.427674531937
287539,375469.89366385713
565648,414944.1689478494
82643,74827.9918073453
230666,251188.00585420802
246396,303485.10101211816
250972,267755.9921754226
105619,49265.31711842492
140983,258869.8112179041
292355,291396.3988795467
240106,382283.23778966814
387587,455324.1716498174
211100,137181.2905907482
189494,232356.54272463545
414525,402241.09947941825
241094,393378.14819784835
125998,153854.9309470728
169025,131537.2148833312
313550,398234.8912942037
159843,72341.33923833445
321825,357536.4429246448
395993,509939.2178965993
214594,177172.56471037865
413229,433357.97840596363
160027,131158.16945926845
799950,592670.7338199429
498895,488285.00640539825
169013,246859.20308161527
180356,147497.87928888574
736741,312585.173033759
406757,510333.9018344544
268204,374895.73091354966
338590,306485.4453006722
247818,257241.1463211216
207952,380356.29765706137
150519,366928.3457006067
401761,429122.842200432
473659,394860.0232056007
92647,31925.829283572733
211970,208747.82657277584
576272,500682.8345947899
176816,277846.98497621715
524868,406622.9862672761
233873,169908.71208971366
509666,383646.1493053213
608411,407118.1424360052
218737,283409.2252641842
121096,324594.57767339796
138960,69678.08623279259
120426,147776.98332275078
482733,379453.3759739548
233924,163281.35803860426
192322,258239.44996238127
279870,377619.99697629735
272872,322773.0934588611
153852,70420.44076291844
280870,360435.53760287166
538120,432657.2686163448
322322,254843.93801210076
674672,409774.0300874077
55425,63684.26963998005
1259725,458715.6370921992
141286,247765.125214044
357918,265330.597895883
257276,301131.9039959498
736489,523885.62270185724
288556,410314.5214485489
138977,258894.0322658196
158659,138465.59122616425
233449,259061.55067839846
342178,326164.86265119165
68494,77640.35176651552
395374,497126.9410349764
199603,155591.50036022812
250675,337785.0646822192
301585,306507.73957740143
301202,326091.1364726275
179444,106493.12303122878
189153,196865.27876836061
279119,475905.88583156466
264662,331653.44767118245
250480,331711.8005790189
295174,348599.99543474615
254281,248916.36610429361
728693,544719.2164334133
125554,296065.1154438332
506250,557274.451185435
178494,324090.18285147846
188268,190606.14122409746
137261,138593.9039023295
397360,456592.1492522843
280822,487851.8389943354
632614,576214.5713781342
430742,377048.1315691471
94674,49819.17174748331
174796,178911.3797049597
420874,386725.0839179568
232297,328705.2082290426
366351,331680.9114203565
355363,404918.16244176775
610256,429025.6949449666
470862,460618.4494170584
489625,357768.6194038354
222005,242608.4281475693
139243,201464.39520901814
755143,487450.29675068334
329660,317443.91519352794
467825,387530.427808363
287143,384530.9526782669
131763,171891.29407651722
373890,437929.7542729415
183199,322218.7032156773
205246,178604.03822703287
391691,299353.75555691496
165708,118815.6619965136
489068,420406.84177296236
225807,299225.63810027763
146554,151934.0546291992
403080,393589.6360506974
243904,191417.503281001
255883,216080.9350292422
412969,375621.09583543986
179034,147771.93064820394
212152,275232.1525817141
237854,213778.50295533612
189470,165277.34801760316
278445,226885.8149979785
255270,336815.91917861253
188039,312321.03215724975
293936,396648.4708982967
265336,421822.45700313523
160992,175902.74072290957
150960,314698.23678549007
367053,304452.2165501006
208038,311813.321788311
471224,444625.93189143017
407174,395804.05788759515
199523,302336.9067632146
456331,342726.6616910733
329352,294229.6804291606
420440,306537.72348613665
183598,116343.92776050791
430090,405480.9651795253
1294113,467336.36457517
189033,295624.1894173771
150698,133652.61220562086
201103,184162.96323677897
239629,324445.7640273571
233163,299336.94951749593
523673,487387.9181774184
362157,280720.7562780902
121754,70578.36169490218
312668,286222.47818407044
131716,226419.92076636478
234464,335379.0392602496
451560,405849.28643708676
270980,210857.9372439012
214923,248929.0727197416
488299,421101.58998147026
273569,294360.66954195127
501604,553691.6157507375
241641,159682.12539089844
561529,465919.0076092705
486864,377222.4003667943
156131,220508.2101879008
257755,253139.13303514943
600835,478728.97925081477
258662,391630.00442634895
169414,380679.36598223075
98713,180713.03793665394
379377,329730.9108524583
258782,178633.48931979015
503646,510756.7498999275
287162,418004.01023130864
224613,314657.31959865615
167561,199029.32997155935
137025,258666.35441539064
115377,133385.16792538762
214554,277663.2440399118
579743,476223.352082178
127346,215451.2409858778
397157,479967.6285036653
138535,167971.71837024018
144954,171426.6751065515
393802,430175.2544539124
186697,335700.9585314132
513042,503694.70398838446
554546,360657.3121162839
755047,307020.042300608
124283,135841.25747066736
244239,200601.38752708584
158291,137822.66847614944
494430,378980.68212369084
275224,298258.77619256824
156797,131782.65483556688
126333,322640.74647467583
239733,349593.67806430906
253536,253065.068639528
198252,279832.5369496122
295199,288501.20291930065
204594,200947.6808409132
257717,212564.000608854
224199,382331.0025438629
391718,388274.1485069543
339218,438816.52936437726
246813,140632.42180326208
218908,289586.9422848895
316973,299599.5292529538
242041,317819.63311195746
123844,125800.47506867349
260201,338153.1370992176
369722,431277.61598015577
397849,421828.15631885454
172141,171178.3799452372
165131,212374.656848941
53720,65274.78511992842
528639,464686.0562755801
112468,155667.54630824178
334896,313265.08708639443
255333,263279.27526980266
290461,275708.53132418543
428110,305210.09558993205
338033,295492.56790836155
177101,222101.9724540636
258267,339074.7463146113
254112,345824.6007166654
222469,193091.47955770046
415960,443191.41486747935
369869,346902.8341966793
361508,242660.12624535337
267725,374277.8697813302
188826,347154.30335939303
384975,420990.818746835
146988,238701.82943212613
198089,294718.46091053635
284387,329155.7365467027
159583,186056.6758051701
283381,383274.687659584
843239,544704.9670865275
431157,412639.2173565775
177921,297068.31584440917
137178,11666.31421212852
130416,238433.0275045894
125958,105449.77528156713
296892,287570.3511244841
490578,398337.69844072685
999384,577891.2685156502
560818,415260.6573073119
205592,268351.7544830479
233041,259293.96626022458
131408,247925.5593675524
224088,276383.1556867324
227204,262539.3073727079
393892,392408.54277354106
307214,229782.07565170154
290617,356169.622828383
537986,440692.3855628781
249511,209872.37627621368
213840,214447.33948900178
168661,313159.9506625086
108078,194062.59944118932
222176,409198.9696671963
288467,142631.41722372174
429222,355316.81597164646
224114,230615.64927203953
211152,205159.6159385927
251803,360899.82769963145
1313357,394302.5302909203
421117,335045.9906284362
405885,398063.4458136484
617956,436039.3080609627
246757,299871.46099847555
516319,634502.938250266
392849,356148.46762704477
206571,320460.19286683947
151665,257309.9737901315
662897,404283.1657196395
139011,198495.98608565703
175248,225329.04154316708
575996,468953.4765300825
225583,354043.20061058924
607906,433429.9262681864
190503,166569.13723989576
241557,310246.7798999846
247355,431861.2562030293
186023,229255.09648536518
119438,242517.92765586078
254676,243180.09273162484
239703,207429.59788315743
157410,139374.43027943
193360,81829.99832004681
173374,187509.97018908337
195246,177096.62181950733
176036,153053.896455504
470731,412964.9148513414
314011,351517.9463417791
258940,347151.99054421484
155694,391890.01357821
154406,136442.23205038905
245103,356162.4871013239
83590,-367689.5604675226
194486,260859.8175456412
221945,256456.84009294957
300654,446703.5744991042
204107,358101.5288330242
270369,212176.47817925364
277154,252826.17424022034
226856,279585.58132434264
350272,343462.7286925465
253596,332344.17312877625
460081,413584.973678045
190809,164670.10886201635
431207,333129.2983698547
514789,492616.0176092237
334216,350037.2569264099
183101,289900.5414911397
144010,230261.32760690153
336860,293837.2994528897
200308,288287.8377831727
227847,178528.26579581574
191249,194122.0143934749
274243,404349.1037931256
192610,344604.6343818903
412275,174177.97387709096
245034,305387.0422297977
97896,98020.95943391323
1025448,580639.648036778
169495,138848.05390990898
150547,137860.86448442563
411183,485840.04008512944
341717,324692.9137449376
221715,230982.19038233906
327054,356638.6494151503
106437,112827.06640850008
265515,245229.41540271416
432327,381209.5954375416
217711,231846.69573181123
297653,271445.3927608356
221353,141075.24049522355
348367,440982.7867052965
236133,396645.0044961609
188013,221356.85903704911
517488,411925.85328181833
83504,-377697.69746725634
90683,64856.52363148332
220863,284749.261833705
319393,343712.0451095328
572468,500905.66823563725
185201,143536.9305860214
371704,438506.1015118845
212536,265435.45410168543
402761,399306.1676468104
181910,379683.44729929045
241086,319909.10217902064
221962,349272.6883677058
217469,153960.54156400263
149010,226792.76475436985
403842,386988.07765903696
159023,169522.35352741927
158863,310735.67334610224
250410,443941.95137508214
129047,86740.79179277271
410924,441851.9419422634
502387,477147.33067152277
402781,365899.9048913717
465254,376949.7699468322
438896,651997.7080569752
358877,447683.11668513715
577117,450336.95093540475
235367,243892.9189883992
128245,172764.79334848747
383039,458739.1990705319
261856,310244.1162711568
215778,248166.35127649456
213660,179295.068624679
401811,439141.2664885856
413985,393183.01436726376
233489,343389.3670953773
225902,363183.1425709836
503809,352954.5092747025
241908,355049.8900999762
256016,393916.0806724243
261442,292785.9500399381
445016,598363.2287372015
164946,314226.696840886
321380,303568.90154221654
148176,294866.5759472698
449306,448498.5794555247
471861,503115.4401803389
183865,190347.33814179897
162695,235118.6173954457
121610,63685.05145742744
222306,273297.83758941665
369070,410903.72490144894
297181,412325.766376663
195066,261815.32619200274
122881,137147.07769294456
404889,388151.69838470593
411955,532594.7171729468
157722,109582.32977315784
225770,290363.2761718966
596494,426479.9796000831
177919,184778.34740744904
55001,11662.73956850171
475211,412345.677753184
146193,201065.591988571
396942,420423.0101859011
451186,378290.87628432736
302407,334018.1644922048
215387,322981.40363277495
808321,559812.2956665084
503545,506187.7255911194
186131,266185.6022148691
221971,244381.45806477964
299832,254562.16256646067
276866,280329.23191101477
201112,259307.5604800433
87439,8533.06064369157
283801,396839.9017420858
514738,383337.5882767625
341638,379945.09110826626
252174,402998.9810896814
491205,376696.5163652003
220311,347173.2317860909
271777,263765.2948574051
245067,322474.9644855112
261968,332011.62146671116
691362,409287.79173365235
313744,242695.68437665328
315709,346916.8061116822
422722,325060.8874684796
305423,233048.28610533848
190223,293461.45666057616
135645,168569.17088555172
201935,288941.75956886634
183066,133346.30211997405
116171,132155.7069478035
191210,284884.5027810298
289569,387095.2676127665
387993,451014.41207410395
403531,419323.8143597096
52412,65276.399856455624
154361,221267.02273906022
292148,231884.0175350979
134826,201727.63396499678
130506,145263.47752737254
157736,263601.38178062066
350230,341177.4881517254
410610,458136.7773543224
231593,351057.36980161443
252761,212760.53152148798
235541,273264.29811547697
326811,411160.5560051501
250979,311156.08451652154
267544,272391.1231499575
245128,294705.7219044082
332314,406868.8294679001
434610,436164.33605160564
424732,423978.7172298692
151334,366535.9647243358
213243,270698.07385697216
493877,390881.9189564474
250831,320440.6229137853
302371,259444.0609144345
210847,290992.58038309216
218199,363057.42664415017
231922,294270.32519424707
413405,496235.0319480449
646005,469428.543588914
135400,281412.46087504923
231587,232127.95065918192
269410,390492.24898220226
221309,293327.9962273054
183941,140726.20424879715
244146,322947.02030837163
409238,403563.56869574264
423456,335305.96320942044
352808,433585.6925356686
443140,431580.4414631538
210508,214015.83813801408
100767,63198.18921736255
139400,168238.14989734069
89194,141897.13048665598
235300,202332.65016744286
475442,473417.5110900067
183462,222011.3893971853
562740,430384.2243550606
261967,314647.0459306054
209504,259946.42763290927
494468,575420.9670103565
234730,314893.35295179486
1023157,648117.2818312421
200399,305226.3102355823
221817,348125.1117127612
305837,259568.37554739416
474370,288784.5233901888
274751,211587.09934658185
561445,460614.26674549654
277389,528884.3182548434
149918,261896.21988432482
206825,231895.59088442475
331103,368152.59653959423
284256,505841.4806128219
208458,145631.13015222177
129652,166000.36333592236
252230,285259.738538485
95134,61397.75798878819
503943,412289.95498269424
190484,346551.3178216778
376668,441989.4275614694
537787,403765.0647154972
112733,224418.19386431575
295859,404721.7171510905
598031,363499.4927077703
251091,260162.51721025258
190494,265509.8433677666
336980,403915.1206768565
199567,184242.0853266418
364997,515532.02797046676
366988,281092.8339045495
528035,445347.20989630744
297428,361270.81404137984
368343,447748.31456988305
142601,143129.48083535954
275148,271296.64729639515
202125,274641.45251221955
495497,490111.3387188837
968404,710522.8773761578
218542,295895.9609317146
118710,215365.95222188532
412383,375878.1248723194
168190,157566.8450051844
412029,293636.5098930001
162963,212072.51222753152
135743,202758.44297002628
197100,201750.2419846952
1189245,383715.73667498305
236204,336490.66351433843
490464,227015.34836742654
131532,246373.79756427184
297370,322109.8239295706
735096,412999.12874893844
254013,198219.68083715066
225589,316408.8869804889
158072,118826.96515221149
304015,252724.25616062433
223210,291443.8625109084
118022,97397.36836316437
240255,253494.19137607142
291280,443979.40514248237
213432,276821.053325139
208752,225188.01781463996
211658,374961.1933311969
220162,344891.3865365945
292880,411661.034122508
207936,193374.32465877756
482555,412440.90049028397
174161,254572.0553580597
304624,425233.45733430237
117034,128944.29345574975
323113,388905.2892309092
461068,452858.832233388
203424,302005.50965615734
1388037,450273.4310856052
159782,264762.3773441613
149543,146606.24115055427
116956,158938.18483633175
222725,272955.77349875495
376493,142406.62602909282
333820,277883.5330261849
170251,245319.6274118647
190404,309051.19068831205
227558,411495.48301376775
235702,415031.88661072776
166465,153311.48565015942
859593,560859.6258650981
196163,218249.02801809832
136629,258037.42626230046
250786,380843.04372194037
65025,77417.51812566817
674209,410256.31620274857
273159,197733.24964302778
161339,118843.11251748726
377545,432890.56687355787
123415,229779.93574547768
563206,451036.13185197115
137537,274860.53811692074
228084,266450.19813321903
193603,294525.2051610984
245454,208793.14686864242
723130,448377.20578242466
346353,354697.4252120815
140155,201304.5729946941
485434,438003.7039309554
290379,379178.1229582019
54769,63590.61492136121
227176,349836.7324323021
515687,437812.92809033394
308543,381059.78731824085
780423,432315.4634014107
324934,326342.7986318357
183476,293787.3842693679
84245,43123.94654370099
138050,259098.3081611097
713339,411075.77677545324
190486,222240.8174524717
666670,406748.0859510526
153591,222824.63144727796
171618,107702.84662258253
257977,312422.35242467
293114,272031.0369042419
142791,196264.3440202698
203464,200317.36995491385
1226681,393401.7843449153
251907,172780.69487437233
130118,338406.87961568683
254685,393214.31497421116
291548,412715.35767314583
270780,278921.6228848696
130069,199206.26696322858
58617,192893.70142255723
150106,155338.9038967453
366045,477995.94596689567
611487,407351.05254742876
622345,440889.08366407454
274016,314262.4504073076
485525,396802.9669805579
254539,273976.9963961579
384846,386822.50789904594
332222,369244.2390601076
242750,269585.9603669457
435951,393140.27605663985
257529,237357.2302702479
518054,237670.7673342377
222683,163322.66384668648
287902,300396.8813283816
833334,485963.7270388603
132156,112156.33632380515
205001,270913.6971949972
170871,101217.61476004869
896171,512191.3213162273
334510,446552.48404817656
330990,322145.082142856
295634,294097.64363451675
316547,428805.60144538805
183672,143246.27801100537
282996,360847.84817419946
298115,294182.6690782234
229652,289853.34679700807
1418032,463740.8343649283
961901,573529.4309660569
157244,174991.46614731103
163821,313576.7516200356
64137,31147.920999202877
130709,354629.3173830621
138440,260623.41508716717
256005,390686.75883582607
246078,234228.74425842613
332988,391459.45682326704
203406,228118.61874815077
297099,277494.98498311266
128285,145368.43540168554
388966,394001.36235747114
648359,673377.8935945332
312776,371296.3858449608
377756,368197.48015406355
225295,273628.59656565264
313482,296198.2325344309
163807,201821.71378392726
177553,113240.39656256884
402585,396106.9765255116
257322,252554.59841205925
354594,332474.9156438261
103960,131386.44792449847
498785,579898.1281950697
749337,423904.85834078863
250793,352511.23411238566
126502,294035.39162830263
274154,211162.72692609578
206501,252168.70413682982
312817,332230.21878406405
410646,424359.01880824193
336427,357618.86367421225
237514,214491.40574877337
610837,452322.28300280496
162004,247859.0285792537
115328,241773.5341165103
126776,139864.38163704798
188265,263211.6877083294
130061,260427.23632354662
188192,262434.90653559566
113511,116059.76893729344
194328,69419.13336684555
616322,469140.7031985596
935638,551430.9020629898
67351,44831.75158439949
137141,279054.53805082664
277882,266006.4390613735
165795,219300.6499959752
172649,310793.76698263735
409263,461754.4596509896
376687,351362.7157204598
359728,333919.68977349624
143046,133705.89851104096
572994,510358.0549086705
305556,348587.0775425248
211731,275283.824150607
519383,395920.9226843342
208941,189898.63264156505
146424,212402.48409507424
162101,402118.2900606282
480141,413141.06750674173
168771,313564.65486446023
287656,364886.45659814775
512596,338356.94968810305
129217,325637.3914234005
121858,338623.25431042165
398221,357174.35051446036
159293,285859.6556349471
252858,230960.95087280124
134136,258652.6408794187
62928,204297.5060972646
314411,225003.56102052703
52266,63958.774849716574
440624,419680.6577527374
633826,438193.0530534759
214493,251970.6040648073
196745,375124.35540537536
512588,467993.69827548414
190136,161442.40176194534
336239,405262.8027530387
256399,183095.1218899712
132780,306561.4381898828
218347,203453.1805331558
178311,215825.63619719446
171213,112318.19136263058
111828,83201.29017301649
126444,356279.57811454684
212126,245342.2946868539
242725,266195.8716883734
196500,260274.86754441634
476223,471865.71399252117
210530,325873.26490099356
191273,309267.56538304687
475935,381560.05850879103
322552,218429.0409554802
575350,461758.61581826955
365567,411977.5682261251
205285,148857.3737349026
147969,155586.73013957962
525124,409978.9467186481
104383,86843.13237538934
217190,249567.9425826855
446019,443586.8102843836
153199,64932.92804847285
136148,119199.40421427414
461109,376285.9746744819
540301,433941.2435519509
262076,329846.1757201627
261478,271642.8350038603
85464,65520.18034443632
160483,187656.9946572967
1003535,637782.1807285249
248005,296993.61969503015
159104,93524.86989590153
312461,268521.9861204475
448359,372071.4806963317
147576,145297.2838636525
367546,453513.07509227097
338702,442980.55624760315
405580,580817.4278248772
153527,22954.460981227458
108062,105081.28711153194
971985,545855.1455157846
578215,473357.3416207954
1347030,378405.43761889264
115601,259461.70863492787
424913,408567.7722731903
236007,158711.5701322481
141172,168422.47898897156
50416,49597.21924305707
247745,327102.7025722973
298411,236363.46106784046
353259,338807.15551219136
282820,261700.4262414761
326007,351628.2444242649
204006,173670.94704173505
291677,281277.2914737202
1042777,373186.60893391445
372362,446502.10413512215
367635,389453.17114790156
226855,291773.2687625922
278194,215911.1167571582
187219,320668.55614892393
486673,207072.27444682643
329443,339635.5455335155
423298,408469.59606537595
233579,276155.85819768906
262814,370300.53552487865
153902,146995.87618629634
742878,488285.1481858231
320612,242812.75821663067
238239,229688.53848883882
239115,256117.545177415
159227,217892.90560485795
685330,459240.48120522127
129701,325752.0377168767
145136,205227.60887257755
854798,727916.4868079871
207632,290569.5085293837
141645,146590.50109623373
289615,263605.4993596412
277156,233555.05447511375
238330,227890.88201005384
282066,254343.01901366934
204766,230616.0095624812
513342,433804.4593459591
340684,265258.0702204555
262525,374430.19688826427
161409,399167.139286343
394039,373990.99969416857
359263,343674.69763524085
175171,220569.43604075536
253301,253187.78861564398
129887,64956.59662530199
542726,433281.5964717902
821510,327807.37550628185
315083,325022.3434808217
1288940,470051.5119708553
248904,328583.1757888645
236930,133481.2606614828
135960,193460.26230737567
292817,294197.1273112111
178696,231660.55876412615
350559,301810.03702011704
124654,195162.2128314413
225156,384556.05875294283
347485,425089.16309764236
318602,313472.12130795047
1116111,644184.9859648868
188404,223488.8480510339
233303,259496.75660450757
158760,138130.4891157709
399157,453249.1076336801
769724,485479.28431367874
429187,407971.92425107956
493882,441048.13299340755
253406,243033.6935809031
132784,125908.66241603717
318631,350742.87280840427
584059,397528.20533777773
419564,335446.44528734684
273062,183952.54698626697
226108,283490.30078585446
122676,213770.5925323516
357548,379077.9775927998
251482,378612.73457301036
169085,219925.17101494223
304805,377075.9812719263
317282,295017.7914500199
194961,404861.6310003698
396155,503138.04649172723
426901,583644.2629776411
440513,382299.4506591633
294598,333502.9216626026
208760,311330.49379965663
746424,416806.8189659938
215626,252280.42409065738
599841,244222.25083217025
246541,229196.04384784028
122858,107870.26533684507
225214,309409.14933530614
581267,453202.4825290516
577904,500821.70193618536
192032,243602.74482253194
266619,212546.6105475314
321365,377060.8065126799
326113,290617.05979374796
164769,426668.3117231317
80779,49563.73903273791
196235,343608.1583294086
474164,354291.41918509454
264568,305239.2822025493
144956,199988.52602254972
78652,48134.697205577046
654186,407440.47998730466
194251,255578.82814109325
284501,224464.88371162862
424992,343110.7231751159
135039,151142.73033583537
60084,30432.64294828102
253130,314304.4335570298
473105,395148.3188385628
408519,394907.48281116784
538073,428698.72721552476
250917,314480.6883467771
115579,140207.49996380508
232658,162321.4945491776
310377,273154.6111792326
202193,338617.00772176683
210958,200805.2782467939
65725,65168.71440604702
783266,794771.1570754051
510867,477808.0805426799
193764,256164.96844541654
400317,532612.4792747535
682454,403248.58403613046
253138,403028.04634718597
454547,425424.16004867107
263623,366179.4976856299
158252,310000.9682259187
440152,407707.00121917203
468323,377008.5778034739
70796,57976.67791092023
193388,245027.07847340778
130275,214774.66638069972
290683,305924.7376530655
161520,109360.18468609825
137857,230984.72957138717
362899,381207.1229174994
158609,148311.36095317826
374293,398884.2684965171
124910,323117.0937503986
206133,214129.19724651426
247731,473377.11047822237
191141,310352.66832977533
262124,178594.73564312235
193285,217764.6070597358
134036,151802.99219987914
249505,180577.88802993298
203092,200212.80760217458
202101,201047.65903731436
486032,289938.1661463715
254094,322099.5219176598
111484,78943.80247149244
268338,439810.8049863316
345869,277254.037717931
832753,301352.83923546225
408048,501220.04409588873
718071,523257.68059675395
454476,218045.9285750948
221299,211074.35397015512
352069,387413.0053876862
210108,161345.69300450757
423063,445075.51918730885
383529,279022.4178642072
321773,289965.13095225394
275403,220266.3598923087
285833,388582.6533471979
169491,118904.4725055471
333002,417326.25601297244
527115,469422.1171780601
725991,520585.34004417807
373762,411921.1879159771
229497,363904.85237799585
111439,112181.98041450232
111194,115603.60224965587
82883,218092.73556975275
339898,240426.85856002197
247676,337248.791058287
463525,485716.64276736975
102517,45979.32828421146
974047,516064.5383892879
201927,228871.715703208
349363,285671.1816172078
394918,296816.37553102896
178226,138298.88636006042
188933,231789.77020335197
313280,295326.21701024845
313753,266778.00536988676
137629,70263.81131971255
509498,484107.45576183125
238453,215363.96808526665
434521,177836.3064070195
453351,442345.47644977644
487049,466461.66139058024
267690,362619.17345920205
196011,176370.05845265463
236037,285405.9963650964
485291,398951.4555564709
249309,328357.11267496273
149701,193736.448350586
205540,249977.18931300193
165963,186579.60993295535
290594,527296.2278830819
220127,292672.85810640827
74763,46798.50067534298
427036,321536.6635351181
164731,377417.75882092863
183344,286118.2050219625
483847,401471.98021824285
212109,295338.60701612756
244410,337360.7912394181
327256,359201.7972274162
736963,450088.75633410364
120919,119456.30465280265
301924,339420.34400494397
299721,245031.1238897331
420346,378314.7862246521
301400,320706.6194914542
592506,465919.54857996106
136864,259669.92489197478
165825,185850.48672787473
290390,278031.07751036435
98962,5607.8457511514425
229195,340197.46260906756
468164,203107.53749817237
207741,260806.3154917732
254952,195863.42080617696
204974,392980.6806429811
305692,415247.23449859023
614424,457235.16914756596
99677,97946.68155363202
201935,269541.6666904576
133662,191454.77776345238
242921,208606.2329529822
324518,394622.7256813608
278181,310629.7891314849
318371,323188.5486366488
224778,149607.0085591823
223175,289961.9014791995
301114,413759.3229303509
770977,433668.39609216526
279657,488376.1082594022
196817,184298.60110512003
272510,263319.06393557787
261094,271409.8252050802
478376,434009.57083103433
253408,184911.70048382133
226922,234993.25236109272
326433,257775.85950726643
124026,107003.15182137862
425867,339168.84582798183
189196,165278.96275413036
166984,75721.20521375537
136788,114250.64960044995
175889,186004.98132805526
224927,257642.91637043282
328815,359219.1529242359
173978,109465.69087648764
259562,189170.2448402308
223036,356673.1854361519
143702,138535.7733873278
187080,197743.65872772038
106696,104973.09976416454
375152,347318.2387727387
448735,338766.494612474
96820,230000.33804115653
245040,193532.72848873213
480902,474685.07926438376
228005,365649.975691393
755917,486458.4094673544
243651,312584.9328256175
243110,302684.61313728616
244641,357107.8798523955
309605,414011.29135423526
523397,431892.6636618711
165756,82299.31695736572
120124,125352.44692613184
75126,143011.75256354734
128994,113961.35624846444
402113,390859.0951814838
258776,307885.75157528743
197285,134033.40898302197
228465,295271.79655937105
153606,131185.13058254495
429756,423371.9609335512
444867,417482.24351566285
532976,441022.4252704233
217525,192523.60002771392
335743,391033.16637990996
297525,335026.48266145214
140623,240360.54579405487
516210,357115.6579047516
241342,213654.26223546267
485906,385581.88683393225
728942,465523.4753795415
174308,165873.18579638377
235020,273589.2774459757
516985,534751.6631314717
317398,407202.00146258995
212264,220299.75785578787
238188,328314.43110588565
260233,306999.6233275719
127679,337079.9497747794
222754,276813.90726676956
159642,130100.36239187047
722627,527403.5389731899
453365,450458.2684425898
313346,421224.9546938464
393946,490112.11508752406
293277,271901.8579820134
133265,333805.26409626007
272609,304895.48102190346
380185,415833.69743424654
208885,189823.79956600443
85242,5836.450642149895
363507,453808.12161411345
151841,154355.5293512754
247602,354137.87542241067
268663,308357.0054715909
135047,169902.94325757027
246980,243872.54902093112
393128,404887.65264859796
158760,38581.88109794259
237428,230451.29488490894
95918,137694.75633174926
176913,217516.60157899559
216463,141312.87770147622
219026,296685.2886545919
380159,437718.55713075027
428806,386208.9400758147
340673,352183.724360805
469370,361813.1301785484
234716,258852.7077929899
227413,236696.68968602642
262924,365229.40046774596
174037,191471.0603762865
845614,331511.4516488984
363898,435863.0999805629
429418,434876.5346952826
645971,576159.1284628697
498162,399795.58900579065
301760,319846.69227611274
220136,347312.3700641431
242107,227761.70308782533
284984,296027.4573973194
195389,121373.7201083079
344219,269330.22084017843
122669,309596.19358479977
317197,201154.642243281
1335351,388561.838431336
59514,193024.49508131295
162290,72150.80032804608
252344,387216.8908294402
349603,337056.69398312643
264412,317980.6147729121
141824,264040.5899933353
216699,257159.8858251311
184884,393637.6292399876
321415,252137.39528895915
396608,404734.4927096665
313126,432893.7963466123
141335,82022.55298551917
188469,281102.54270321503
146049,182238.26307487115
154960,215904.83165771887
394381,367562.66368376836
483395,380227.3505382389
118194,259695.84543146566
226810,343872.83575544134
176279,196504.02608428523
122781,166142.46015037596
274815,280690.5485717654
245088,209423.86415962875
456422,485723.1017134823
266183,329593.0812813714
541346,406573.0649032369
533793,435123.04351440445
465051,407853.8135523498
385629,360472.1657064259
347565,303303.0224819258
503721,468289.0704751685
328389,410778.92542785034
261460,303757.65530066565
152688,219261.44378757477
352516,142519.65758604556
291275,406590.1700020358
291192,407550.09251283854
390499,493727.7762426771
1344464,362344.6695251167
150663,208720.88481153175
140443,161516.88585237414
282892,412688.2371485047
251549,130018.89685914665
319143,226488.08929659426
504619,356785.75408144295
167590,283812.1697176099
128840,355042.6899341978
273452,325961.3508637175
236211,344169.04655191675
374745,395237.1902842745
132160,145382.96803043783
380976,324958.64840472117
179668,302351.4036113247
318437,415938.9569649473
776509,677976.0135736912
227851,169965.12161333486
118370,34733.92015842348
247630,317763.77060358226
191720,225922.90529451892
187426,231077.6713945605
145116,156829.30571196973
231632,295646.79572876915
285816,249302.68915786594
209016,151559.89594985545
281609,288088.02597510815
641172,473638.85595813394
266686,205513.87507629022
410966,321264.7747878581
187387,259149.06892052293
215233,352655.29913046584
491493,395703.558808092
289911,138616.89437935874
163947,188240.0199056454
475530,447937.1152964458
166865,312078.4926417768
437028,377543.0960367769
107284,85687.98442593217
274299,267288.64509381726
720064,471427.0343253128
152595,171708.70678615198
130826,191256.16517052427
223951,274752.1031598486
240260,290289.04690775275
393294,359033.19359503314
136418,244258.51977232844
189132,133383.57490694523
314051,325291.5963586159
607614,505674.2130567767
280501,232287.71255047992
296041,302311.29919928685
172955,306593.3164700344
218947,307481.67448152974
410397,455055.74034163356
75939,74260.56105839089
230185,218321.78792868927
477958,231316.8105986938
370139,312943.75217585266
193666,248097.74972528964
278128,196211.16513842344
77026,91592.93360302597
293678,325044.78720256686
351132,295587.6738490984
235364,157148.02484925836
260893,187571.9967821613
400387,437285.6618534513
414254,445819.6744402312
336843,364756.69766808674
259868,268753.69158473983
301769,333685.60106895864
572398,465167.59148367494
270345,264647.2318867259
115161,274450.87596492097
713365,524025.650492616
181787,171612.54145270959
117137,259552.13388048857
430231,422201.3594234325
181826,195532.19405415282
228020,353081.8631729074
462278,409806.7726566456
310984,292134.03411379457
445612,361675.0647637099
525723,641771.0810187496
545516,502956.139525827
663613,411594.89721573144
133089,205742.47607352585
410743,355557.69196486846
315069,388292.77839077264
220346,296548.3882324062
347870,285199.36367378384
153740,130022.88403929397
235926,240198.24734859914
249164,259250.2938901037
128130,292163.9119925052
320239,449398.9386514686
203051,155639.00825532898
925955,684596.0945827104
54612,196241.05024482682
70211,202036.87495825067
187768,198412.8587587215
228971,293560.11053936556
448991,390794.6307189092
1394421,418251.10440321267
309377,402911.5502463095
432272,402004.3068340905
272416,317500.29152239114
150038,293960.70875513554
553908,430361.90583922714
121970,159202.6559169367
246706,211963.4007953517
439009,431042.748640541
290221,371435.6595913395
337626,412520.2156264074
226229,252536.63351088762
246955,413366.0905551426
411017,417354.01838074625
173738,289955.442533087
328421,216133.72797532007
130619,168274.71427155286
166798,326655.8657733537
383888,392893.65309935436
245870,293027.14446495473
417893,425337.0452484563
203088,208063.3501048498
52419,12692.941473282874
150552,105880.52424256876
113298,68678.56432204321
817464,555801.6796368435
170565,204037.95587099716
134008,290859.2048779838
668546,307056.5038991049
211745,311676.20465176925
80698,71626.92578143626
652264,549900.5211787783
157757,74676.16709333658
468584,394996.61102251336
289574,366758.124198135
278967,421507.3124435395
131743,41496.63407468051
859065,328484.24281493574
219804,216221.01570593193
139668,275755.6313243918
294295,280902.2553108558
336604,292266.7084840536
535060,436693.9913671091
235653,236366.33409067616
264492,433769.96243071184
315289,362980.57870260626
273061,323338.5439470932
355830,406452.2226859741
215853,236543.15832907706
233852,216354.06419242918
257539,314921.92870727926
178555,127772.10616802052
77357,204670.51023520157
158905,154056.63667618483
189793,173928.47887182236
190916,276810.39078967646
267393,363404.0412030369
410459,459324.51687646285
762769,437579.4294470027
332255,356275.7545585036
145626,110320.19388503954
200825,233221.1861762181
402928,491675.77633686736
245600,215181.5973546356
184354,149884.85086033866
312911,355232.3547669351
469516,413853.84936922416
466114,364932.26483179256
105135,99052.12024464458
200628,423661.87018213794
295522,444810.0897096805
164204,246660.3086686246
322278,369902.9007679373
272482,302043.4608578719
117832,125481.62584836036
350783,343782.3917232156
160895,317173.7132784985
128570,325659.9977347888
204325,218972.51898488775
323469,356114.9476764016
178412,232955.5774594769
397353,142598.7796759084
351142,348143.09757550433
61271,33040.44244078919
288680,141859.67598149553
190795,318941.9872364104
284029,504755.1258009076
371040,474962.4136551544
418403,319853.49506250024
242238,173676.90629757196
220454,329483.56055925414
1122471,365448.07855363935
258846,314741.06264382973
373092,300235.66890544444
228926,236485.42018170282
472397,503128.3580725603
258061,214350.06561297178
322226,439551.57866256684
359625,345275.5708905533
271151,371966.1524400152
172572,174080.1349974908
126997,231800.91272080317
667866,542529.247780446
364624,445621.02195517346
196204,330324.80033626035
272049,344697.36610400304
484647,290587.311997395
147674,132104.6265442483
116408,97043.74106356129
262006,258848.27498617023
142690,158777.75854493305
566764,415079.8068161905
168871,283440.7803162001
147483,108842.70996203646
249620,384536.8895720728
979436,537079.6633793786
426693,343704.9462173693
292515,305598.1017127
257111,212685.0344262533
266373,180451.93858075887
531315,493642.69864312187
260017,303978.0001655519
111665,201259.48014590144
504332,511109.62754604593
460121,415807.71256972477
219389,140772.38793986663
129642,326331.72813038155
241601,321990.501274731
200784,131183.46629958972
1344311,425786.8208741434
309910,272924.7658355534
379542,467949.0250882171
123808,162991.2301628478
137121,146003.7118549645
431644,419826.9724057801
277577,364002.75666218996
353110,302476.9232061282
261903,261959.76416344568
279484,400099.49587392434
163631,400997.66291029006
185613,201809.04984134063
335900,423473.15293776616
262106,170131.5457305573
122775,128410.20030319318
429859,336510.7560840845
437382,440696.74343675
846354,545345.9037865847
206206,242438.80271071196
435061,403048.4677433558
268249,225527.25725587457
164849,74415.1052925624
447423,434425.4092007838
574962,459113.03756161034
605763,385936.2923292555
486068,467252.6440028101
203917,315472.08671426773
166075,157199.4761199765
419732,329401.73344320804
178969,245762.14537704363
121318,139094.94649610296
166303,91148.07313008606
261645,348596.76596169174
365400,499251.7968604639
200544,326495.74645999447
170834,112143.56386370584
547196,475627.97557733953
639200,438047.8416447453
200141,183259.91361474246
337575,364909.58321155235
213422,321953.5894091837
635376,520887.11657781154
189355,196070.61641921476
309069,320470.2386191152
457791,443823.90561731905
285106,368518.94246022403
315910,440623.36691781133
154459,172034.88356478512
276014,329764.37851620466
454415,659635.4238658138
223029,321452.0582555011
143597,199181.1577586122
136369,260812.33926092833
288682,325431.74169244245
365096,509374.26716476306
298161,338771.65895209834
524989,477111.4000629261
165737,131561.43593125045
402955,396056.65853061527
206847,203786.0900860317
201181,133418.26165416092
412002,372834.4977364242
388829,461727.11235451326
467441,210939.043457184
258052,219499.59832799435
251256,362051.7779580988
361371,353049.71726762876
269258,282678.4718024321
75471,49193.964367859066
138920,240773.91834518686
381661,357303.33906823397
479104,446053.0638528988
157934,377571.60947069526
497972,397436.23640295863
452703,384313.91172422096
114531,294501.53381659463
542518,641754.9336534701
155811,133741.25850616023
231968,316963.5761863403
155381,93565.23830909654
221244,242801.64945015684
615401,655602.7971065454
550406,434570.336161077
416508,444430.8111408837
394045,439427.4205465913
177761,184319.59267998114
181834,137770.9013276659
145983,260365.0553008616
547387,447938.4376475625
208915,239816.50810708478
189338,212992.7609605007
773678,410732.7644064948
270118,326694.21001775935
444390,363482.02023886144
142354,171201.939152658
295700,310243.10811132565
119312,113601.39912296087
221817,362742.9376593828
465625,633596.2368424796
198110,341470.2471665107
222759,291533.6976473704
515433,417473.37701268494
362586,351605.2864680998
305955,282196.5376425944
224958,342523.02285623923
134038,48239.7738150619
112868,273286.65092832595
384181,429696.23090297356
125676,117411.89087792113
286200,277031.31943256035
189827,220230.81315357983
537718,450195.6940273456
139138,274563.95576682314
435182,435766.5581090264
231760,323787.6993189603
365271,337086.71846790984
150427,70118.48503220454
190430,261561.04137054458
240255,308715.2779128738
178154,205799.47622270137
666572,409741.1480598226
356721,371827.81136298925
158683,287771.5036839433
620501,442207.42954609916
364192,357677.8991413191
190514,219765.2656177655
510930,441798.74719244614
386739,457950.90405804664
517613,412888.40485208854
168657,225084.3037711382
320831,288432.8031915799
232706,283137.0948655531
268475,391229.73848099634
410452,511127.9784514122
411194,418537.13408374414
218550,244926.92124581337
304246,345230.1646731235
432669,333872.07717267424
251283,193012.21825375408
116809,243512.60535702854
199033,226091.62254821882
211684,212769.83387273923
242081,325139.10677053407
151545,199596.18174820766
65928,61272.35516430065
362204,295667.78730363026
729044,526514.3400652483
281981,343886.74340420216
363241,446923.7896011509
427747,293243.24513145164
231020,187682.47212107852
340893,433590.7213732824
124696,324102.0830323994
450582,399830.4038561918
1304186,428696.68493147194
116274,272731.18156274036
440996,429890.6952963099
186667,200628.63527889922
179563,242224.1651294455
278025,319947.44017375633
178400,106077.28351186961
814185,501915.2431211807
358497,265025.6727453582
135431,113286.65189331025
112205,115331.52276322246
290114,348058.5762293972
248562,330388.8345257491
224661,327254.5785366483
235728,283379.255266197
154547,378745.5229264572
94454,192080.78240659088
443294,406286.6559992358
485266,431752.3530344404
207820,150287.9974805601
327955,334856.3801015541
149153,143217.68332207575
446384,652006.9900711551
323951,435879.6677981913
182500,157964.0680673048
639371,527927.7032029666
338070,305387.51639641076
233753,273336.65129420534
88015,60188.32032941282
155680,296355.85602466017
91058,76662.33250300214
213290,373617.6781229563
227636,314091.3709344156
354131,348122.0146922767
203346,243586.17994860932
147919,156156.54768792912
177730,92228.37650940195
381501,358180.44339214265
230061,164842.72472856566
374054,382711.02803190425
244203,215954.96165446937
452104,210059.2724410817
360266,308172.29767438024
211719,141783.2130063139
123620,229009.70642168447
266792,199179.56611573696
174935,206391.1630033292
436152,422218.39720355347
188781,214484.41306712478
316809,213486.67045046017
194104,308193.7655920163
214614,323713.71385668963
224284,179685.93995160982
157914,206149.2946233563
176943,303037.66663566604
292585,364085.5018254854
292381,383118.08008620143
214762,124548.86376075447
266247,286210.5723443702
197597,166160.83733061329
304944,323813.404161118
213431,231196.55481897667
95877,98014.50048780069
208928,125734.08037221059
650452,517566.88304692507
581939,429401.4403967634
653025,403208.7696382366
223346,310413.43398597836
225689,379412.11420031637
298366,297250.80246417597
245444,290046.45503028855
494428,409509.44350830093
192486,271365.44687252864
143832,122602.29365742952
272336,321202.6757368408
219045,277707.14770490304
101633,177595.81026211753
409634,415263.666931577
511926,472348.3995373249
288103,304032.64702350274
124038,355184.7867486514
270666,322778.57766279206
224713,294754.84054617956
307257,261397.715672113
111829,116668.42361339554
225055,270842.1426682286
129605,138618.12495024875
81726,142939.08941979334
508908,495818.17074491456
603876,411464.2097883187
303709,371173.76734575257
272731,377088.2483744286
163081,154993.08104425296
482905,435945.30970684066
224728,214319.58604391292
110941,125408.96270460635
780638,473976.25938020274
202550,304537.7401448265
132554,112619.51019380614
398304,364353.9270170517
373699,345895.6014746316
253429,302284.4630055092
237099,172717.79477498308
368899,403378.99317700043
116622,259125.8434371315
80150,143011.75256354734
286499,397450.99495264515
195707,432681.1948051192
121650,243579.19281890616
485738,336352.45448324457
282334,258069.76095916703
144148,138542.23233344033
251056,259303.50610210747
371697,375110.98950029165
167642,200967.6209787801
325284,212604.86707109585
195174,172927.1741059795
316027,258682.7037447542
222170,243345.7688313201
281241,322760.68787963316
194401,204163.82327421382
120275,195701.51660805568
115879,284.05941876769066
278213,387581.0541378185
107601,50815.46418517828
275435,384884.57997787
305126,377076.94521873444
398862,508514.96586196497
384930,393460.4256206341
212138,262696.96376387775
355958,304577.83428748325
146877,199324.14272976294
300702,411635.98117578775
126239,58887.66923312843
143839,178379.83389585093
114231,139923.44954693317
290239,412744.69386730343
239620,238168.17441958562
424286,415149.82683632895
294524,242970.5084279701
429700,277580.6855478361
350119,326709.05062790215
253615,196009.96774150804
157709,294461.7700774707
127714,132474.81849752367
211791,185342.61005808786
498192,427309.3461823538
231248,345631.9167948924
432566,629023.4167915955
162401,317189.860643778
185428,392178.1239383966
128846,395071.88738338277
414544,423939.5663931556
171680,166990.50309664384
240489,331573.6678384803
223084,343742.9794915728
225332,160641.63248652592
265231,330450.5123487823
140028,131503.49462821335
243281,339659.0369322449
579970,474035.83889294416
208926,267431.3654743172
319712,438305.00206305087
385851,439019.5473159589
208052,208217.6293514967
183685,289607.0775264427
122940,180606.73626247048
339717,318184.7055050656
342833,362509.84563230723
380410,310094.3259747736
214977,376592.40257805586
237395,234716.68540037423
319876,356976.12934947386
306591,201182.22823258117
462762,639084.3912121989
211896,330798.5054416731
219582,265355.8346831165
540675,233336.92217893153
383043,463908.5309910849
152217,314601.35259382054
63474,38654.479366797954
811694,794755.0097101256
208081,206403.23470040783
142228,106539.72243788093
301064,175514.88976011053
302606,414103.81456751004
420388,393984.63367696106
207162,190907.84297148138
505330,510675.6066685505
677798,552419.3371762931
348785,326435.3739348054
245145,173293.25457876176
297676,292985.45303815603
818880,585651.0774631128
181194,140123.47935209796
358560,394551.9875134751
146140,262417.77978282794
207072,315098.6544045247
81269,-395597.05187868327
326504,408424.72043049335
316462,323293.91291594505
230537,176580.7474477999
356979,320913.9005899541
132120,169042.28868821636
150349,367101.1225090921
211578,213475.76643889397
657558,461944.0282423459
325381,364984.27198090777
404082,497022.64961889386
225865,258715.10142493993
265477,205087.81838055328
117007,140142.91050269082
646021,515693.65443625674
412659,178068.96393536404
295600,415289.1876760684
822508,306784.47782670334
340786,392951.1781668365
180356,126428.64537683502
296424,411872.5680236928
186702,186068.02645631507
549346,426486.7958353944
248637,247048.85414088145
310125,297585.0661055371
273097,372960.830141183
205044,239909.71870072559
173721,251382.6098330319
301816,413961.4351949431
155263,282098.9602885358
524612,409748.4353978336
423993,440132.8048177399
844014,346716.74482892826
294346,311371.80894430354
290261,313210.9938495457
362033,447011.9762397669
365296,447118.3435385488
276025,330156.49943923205
614052,438715.7017799802
347492,298003.319694791
966625,662684.2287513576
157962,172385.28139133006
441468,375752.5274668373
651476,457128.99610112235
128330,355743.4855872914
60958,79187.26936021447
348665,286334.5234528743
217700,178628.64511020854
313802,354201.9847435914
241685,207530.3888895288
533715,428798.44870371
429689,580802.7597277984
529292,429026.5187306814
393860,433499.04381909594
129790,261635.05924639106
127472,197051.45456904545
365262,521218.80581652373
525075,514944.3204894252
490757,396690.73735016584
141339,124522.21538906544
456330,208431.82365718484
248309,211270.9279947318
432142,634637.5314938985
305649,320900.61367321014
288396,333394.59884690866
442606,418050.74869094416
136462,233849.2721718289
315323,300039.8265205622
561530,399105.31546924263
162823,331059.1982134953
489318,427933.14076137915
195107,405181.3488328904
234642,228228.36194437742
216749,203286.72720245644
396258,497006.7731902711
86723,97865.94472723827
357293,319199.12056522444
210448,176638.3284187317
122873,229880.04941020533
154014,220154.5612060465
157601,158581.22145407647
252970,398147.12456326187
602060,466622.6580780484
204087,278463.24037398025
160950,401480.46913212165
228401,231402.93395816907
246416,289464.46165520325
392765,406370.9011580944
763041,414631.42174242437
255746,346255.62746713683
242823,274093.5092565194
411567,359487.96876116097
155724,264000.2217030041
244935,194909.74675907567
986768,577874.4438087307
386133,316455.97552714497
118344,132821.27110076323
398208,423971.25881187245
213806,187512.0520533733
186260,214047.13002358377
101218,133323.80793732777
238119,323278.8445043713
189653,247545.9314235896
186841,287463.1994984038
64596,52750.419517070055
324344,341504.9838960953
413641,424636.3524134606
434143,624508.5856768377
261282,367228.13703723624
331670,355661.86475459486
154413,75177.83004701138
501662,415434.8063578084
212541,351436.93633142114
499207,655604.4118430726
582285,473948.3351899944
295461,305935.95570041984
440620,422363.78135452047
207691,287675.8526391089
303349,351571.2326471992
140128,133802.61849422008
440746,212560.56428487226
142592,201945.6233962588
215626,195277.86760930717
160571,262485.59883986413
476545,496437.96837531775
145652,172336.465123754
287136,236956.50571511686
295824,395392.1693230495
238377,239284.46093785763
504555,231889.4746847488
505472,391133.56297019497
317365,245389.70472915098
144486,228153.82525048777
505391,429923.04459964484
395213,419662.176577799
251699,236628.01405106112
121647,139894.24107739702
318995,338149.4894727096
350965,402751.06225158647
656781,463461.53947402164
165304,375945.200158786
218855,215240.87063351274
243354,189390.79728632048
490878,379015.36508650705
196166,331322.7075104825
467455,373692.876939103
426583,343490.1862591654
195928,341189.2830106616
174119,184330.8958356753
284541,341102.9376301542
